ImageID,Category,Source
20210101_10157627068101577.jpg,0,facebook
20210404_10166046964750508.jpg,0,facebook
20220404_1146255562585823.jpg,0,facebook
20220404_415649313899336.jpg,0,facebook
20230404_6014406098635287.jpg,0,facebook
20230404_602650772077543.jpg,0,facebook
20230404_641175541370545.jpg,0,facebook
20230404_732410298921024.jpg,0,facebook
20230404_740807154748005.jpg,0,facebook
20230404_741937324634988.jpg,0,facebook
20230404_742668104561910.jpg,0,facebook
20230404_743051751189081.jpg,0,facebook
20230404_743309661164421.jpg,0,facebook
20230404_745004784328242.jpg,0,facebook
20230404_745461747615879.jpg,0,facebook
20230404_749151963913524.jpg,0,facebook
20230404_749752073853513.jpg,0,facebook
20230404_753675890127798.jpg,0,facebook
20230404_758185153013217.jpg,0,facebook
20230404_758508159644571.jpg,0,facebook
20230404_760299932798727.jpg,0,facebook
20230404_761617779333609.jpg,0,facebook
20230404_762170975944956.jpg,0,facebook
20230404_762696852559035.jpg,0,facebook
20230404_762993562538279.jpg,0,facebook
20230404_765944065567647.jpg,0,facebook
20230404_767084298786957.jpg,0,facebook
20230404_767662742065458.jpg,0,facebook
20230404_769559608539426.jpg,0,facebook
20230404_770216161805683.jpg,0,facebook
20230404_770765131752207.jpg,0,facebook
20230404_771186538376733.jpg,0,facebook
20230404_771726924989361.jpg,0,facebook
20230404_773479808143817.jpg,0,facebook
20230404_774575431371177.jpg,0,facebook
20230404_775019047993482.jpg,0,facebook
20230404_775482687950130.jpg,0,facebook
20230404_781425457352841.jpg,0,facebook
20230404_784750647020322.jpg,0,facebook
20230404_790087543146703.jpg,0,facebook
20230404_797402899087133.jpg,0,facebook
20230404_805407714947153.jpg,0,facebook
20230404_806083581530990.jpg,0,facebook
20230404_815003623988193.jpg,0,facebook
20230404_852955083543693.jpg,0,facebook
20230404_870994415030279.jpg,0,facebook
20230404_891776659626046.jpg,0,facebook
20230404_899883505471559.jpg,0,facebook
20230404_950573373090775.jpg,0,facebook
20230404_953529299474221.jpg,0,facebook
20230404_974538437373525.jpg,0,facebook
20210101_1749705541857295.jpg,1,facebook
20210404_1123736208401492.jpg,1,facebook
20210404_2111973922274125.jpg,1,facebook
20210404_4669980156347527.jpg,1,facebook
20210404_480961510366033.jpg,1,facebook
20220404_10160120525229846.jpg,1,facebook
20220404_426285816359207.jpg,1,facebook
20220404_553299760160810.jpg,1,facebook
20220404_563851335181776.jpg,1,facebook
20220404_588660336622759.jpg,1,facebook
20220404_6437087736322910.jpg,1,facebook
20230404_1163280528279997.jpg,1,facebook
20230404_384797970602188.jpg,1,facebook
20230404_436988285520142.jpg,1,facebook
20230404_719360427014208.jpg,1,facebook
20230404_728549556129511.jpg,1,facebook
20230404_732091575672721.jpg,1,facebook
20230404_736607985236291.jpg,1,facebook
20230404_741524577992333.jpg,1,facebook
20230404_744258037838305.jpg,1,facebook
20230404_748151610682215.jpg,1,facebook
20230404_750745083757224.jpg,1,facebook
20230404_759332086231857.jpg,1,facebook
20230404_760380836126982.jpg,1,facebook
20230404_760670979438319.jpg,1,facebook
20230404_761141789383599.jpg,1,facebook
20230404_763397739158625.jpg,1,facebook
20230404_764116899083697.jpg,1,facebook
20230404_764376265724020.jpg,1,facebook
20230404_772305628217973.jpg,1,facebook
20230404_780081324163971.jpg,1,facebook
20230404_790064956491903.jpg,1,facebook
20230404_791153536383045.jpg,1,facebook
20230404_791893622975703.jpg,1,facebook
20230404_797706789061620.jpg,1,facebook
20230404_798999008921109.jpg,1,facebook
20230404_801790358652696.jpg,1,facebook
20230404_803824168456333.jpg,1,facebook
20230404_804299828407867.jpg,1,facebook
20230404_804490851711769.jpg,1,facebook
20230404_806589928172739.jpg,1,facebook
20230404_808946067942579.jpg,1,facebook
20230404_810365747790307.jpg,1,facebook
20230404_813281927505193.jpg,1,facebook
20230404_814236980749468.jpg,1,facebook
20230404_816112583886409.jpg,1,facebook
20230404_818372300288363.jpg,1,facebook
20230404_819614293497497.jpg,1,facebook
20230404_845616420897284.jpg,1,facebook
20230404_855104863291777.jpg,1,facebook
20230404_855403162827187.jpg,1,facebook
20230404_863836849079369.jpg,1,facebook
20230404_879664667153316.jpg,1,facebook
20230404_881620400630710.jpg,1,facebook
20230404_901336035331082.jpg,1,facebook
20230404_903554688444371.jpg,1,facebook
20230404_906415281139059.jpg,1,facebook
20230404_926239586173927.jpg,1,facebook
20230404_953965999418539.jpg,1,facebook
20210101_4041650519180497.jpg,3,facebook
20210101_811577376290713.jpg,3,facebook
20210404_4099472730098343.jpg,3,facebook
20210404_450498809806223.jpg,3,facebook
20220404_10167312105200393.jpg,3,facebook
20220404_10167393311480051.jpg,3,facebook
20220404_2381625235312950.jpg,3,facebook
20220404_2797401527060310.jpg,3,facebook
20220404_3276411315925297.jpg,3,facebook
20220404_431330805847707.jpg,3,facebook
20220404_508396304433002.jpg,3,facebook
20220404_573044094435263.jpg,3,facebook
20230404_1000968044923185.jpg,3,facebook
20230404_1121187252206104.jpg,3,facebook
20230404_1140218083664280.jpg,3,facebook
20230404_1165397364734980.jpg,3,facebook
20230404_122133270938110781.jpg,3,facebook
20230404_122133718286112109.jpg,3,facebook
20230404_1302091167399219.jpg,3,facebook
20230404_254278164355836.jpg,3,facebook
20230404_294779420321123.jpg,3,facebook
20230404_326536657024857.jpg,3,facebook
20230404_345432311584818.jpg,3,facebook
20230404_358420080280226.jpg,3,facebook
20230404_359470986724786.jpg,3,facebook
20230404_369905025759548.jpg,3,facebook
20230404_379767851272007.jpg,3,facebook
20230404_387140580699184.jpg,3,facebook
20230404_387800630530225.jpg,3,facebook
20230404_388595567436129.jpg,3,facebook
20230404_389605440121441.jpg,3,facebook
20230404_422851317025156.jpg,3,facebook
20230404_425402343344145.jpg,3,facebook
20230404_425874639947376.jpg,3,facebook
20230404_435064375577344.jpg,3,facebook
20230404_451372384152713.jpg,3,facebook
20230404_647571127592236.jpg,3,facebook
20230404_669208988662473.jpg,3,facebook
20230404_673550091537526.jpg,3,facebook
20230404_677710647867402.jpg,3,facebook
20230404_685396286946163.jpg,3,facebook
20230404_685690990411686.jpg,3,facebook
20230404_686018506890548.jpg,3,facebook
20230404_691831459825528.jpg,3,facebook
20230404_701003562201970.jpg,3,facebook
20230404_703062538675447.jpg,3,facebook
20230404_723456859823868.jpg,3,facebook
20230404_724655683125744.jpg,3,facebook
20230404_726638609498193.jpg,3,facebook
20230404_727269942768393.jpg,3,facebook
20230404_728056499352733.jpg,3,facebook
20230404_730787482578505.jpg,3,facebook
20230404_732730469048883.jpg,3,facebook
20230404_737024595267203.jpg,3,facebook
20230404_744248924403828.jpg,3,facebook
20230404_751141130376888.jpg,3,facebook
20230404_754663616690754.jpg,3,facebook
20230404_755387759951673.jpg,3,facebook
20230404_757398559755531.jpg,3,facebook
20230404_759013252917031.jpg,3,facebook
20230404_769753731851514.jpg,3,facebook
20230404_770842911755656.jpg,3,facebook
20230404_775508667953193.jpg,3,facebook
20230404_778469767648633.jpg,3,facebook
20230404_793817512792180.jpg,3,facebook
20230404_794765299354951.jpg,3,facebook
20230404_800055085477907.jpg,3,facebook
20230404_800206435474326.jpg,3,facebook
20230404_807157891456314.jpg,3,facebook
20230404_807761778055554.jpg,3,facebook
20230404_811137564387584.jpg,3,facebook
20230404_819653416857637.jpg,3,facebook
20230404_822236899930402.jpg,3,facebook
20230404_832212745599747.jpg,3,facebook
20230404_877727724022452.jpg,3,facebook
20230404_895199868906250.jpg,3,facebook
20230404_895965655303674.jpg,3,facebook
20230404_921491449346736.jpg,3,facebook
20210404_3027551950797882.jpg,4,facebook
20220404_605544571143334.jpg,4,facebook
20230404_1045584743152413.jpg,4,facebook
20230404_1261780088096994.jpg,4,facebook
20230404_1330743137732993.jpg,4,facebook
20230404_273795805400125.jpg,4,facebook
20230404_439088471997461.jpg,4,facebook
20230404_440866485150757.jpg,4,facebook
20230404_443943667959614.jpg,4,facebook
20230404_662324952596226.jpg,4,facebook
20230404_711679460999212.jpg,4,facebook
20230404_719592303530593.jpg,4,facebook
20230404_721250170205422.jpg,4,facebook
20230404_733003288861725.jpg,4,facebook
20230404_733819275446793.jpg,4,facebook
20230404_737812628560916.jpg,4,facebook
20230404_741494304679290.jpg,4,facebook
20230404_743670004461720.jpg,4,facebook
20230404_744841111011276.jpg,4,facebook
20230404_752925966869457.jpg,4,facebook
20230404_753543330136116.jpg,4,facebook
20230404_754134343415286.jpg,4,facebook
20230404_754632983365422.jpg,4,facebook
20230404_759583159537071.jpg,4,facebook
20230404_762800659215321.jpg,4,facebook
20230404_763595179136889.jpg,4,facebook
20230404_764690235693030.jpg,4,facebook
20230404_768320385330015.jpg,4,facebook
20230404_776133514548702.jpg,4,facebook
20230404_777314541097266.jpg,4,facebook
20230404_778553450968658.jpg,4,facebook
20230404_786136103547217.jpg,4,facebook
20230404_786601536836253.jpg,4,facebook
20230404_787390770097673.jpg,4,facebook
20230404_794045232758751.jpg,4,facebook
20230404_794490272713026.jpg,4,facebook
20230404_795032209325082.jpg,4,facebook
20230404_795104129318307.jpg,4,facebook
20230404_795643882597665.jpg,4,facebook
20230404_802160465272843.jpg,4,facebook
20230404_809660027853698.jpg,4,facebook
20230404_816486217181118.jpg,4,facebook
20230404_830750698855471.jpg,4,facebook
20230404_908763627282974.jpg,4,facebook
20230404_919610596833034.jpg,4,facebook
20230404_923360279790548.jpg,4,facebook
20210404_133630982325765.jpg,5,facebook
20230404_1167858317942682.jpg,5,facebook
20230404_230577926388791.jpg,5,facebook
20230404_405362838785078.jpg,5,facebook
20230404_690207693290688.jpg,5,facebook
20230404_691993466458510.jpg,5,facebook
20230404_694423666193930.jpg,5,facebook
20230404_699930918987531.jpg,5,facebook
20230404_747477364200704.jpg,5,facebook
20230404_756588869932497.jpg,5,facebook
20230404_786129526885446.jpg,5,facebook
20230404_805215751651353.jpg,5,facebook
20230404_811888190952786.jpg,5,facebook
20230404_812316524273238.jpg,5,facebook
20230404_822565976565625.jpg,5,facebook
20230404_831809015611358.jpg,5,facebook
20230404_834550008476140.jpg,5,facebook
20230404_897630338684220.jpg,5,facebook
20230404_897830905686458.jpg,5,facebook
20220404_CdL-3m2JvhG.jpg,0,instagram
20220404_CdXJxRVMDwf.jpg,0,instagram
20220404_CfcI6Uol8kY.jpg,0,instagram
20220404_CfetJT7hZrg.jpg,0,instagram
20220404_CfO12ptr8-n.jpg,0,instagram
20220404_CgzMdvcghyq.jpg,0,instagram
20220404_CkfVRtYOnXz.jpg,0,instagram
20220404_CkqT5yhrFA.jpg,0,instagram
20220404_CpiKB-jts2P.jpg,0,instagram
20220404_CpnZW2osb_F.jpg,0,instagram
20230404_C02boIkx09f.jpg,0,instagram
20230404_C0g8FT6AMt.jpg,0,instagram
20230404_C0hPZB6t1QR.jpg,0,instagram
20230404_C0ooXjwNl_5.jpg,0,instagram
20230404_C0tx-WHqD8a.jpg,0,instagram
20230404_C1-Jlo8uyRT.jpg,0,instagram
20230404_C12NAm3N3GC.jpg,0,instagram
20230404_C15CsFpAAGZ.jpg,0,instagram
20230404_C17B0slskT0.jpg,0,instagram
20230404_C17PhVOsRBd.jpg,0,instagram
20230404_C18MnRxrAmq.jpg,0,instagram
20230404_C1AJpU-gmkX.jpg,0,instagram
20230404_C1FLYmOtW7b.jpg,0,instagram
20230404_C1FupWwLG1R.jpg,0,instagram
20230404_C1lWeSgrssu.jpg,0,instagram
20230404_C1mbc-yPic2.jpg,0,instagram
20230404_C1NIpWzvG1x.jpg,0,instagram
20230404_C1pPqoROkkE.jpg,0,instagram
20230404_C1u4FuoRN42.jpg,0,instagram
20230404_C1usXL1xC3s.jpg,0,instagram
20230404_C1XpdWRqaA5.jpg,0,instagram
20230404_C1xsbvssR-F.jpg,0,instagram
20230404_C1yBJhMSAde.jpg,0,instagram
20230404_C2-CLXTutNe.jpg,0,instagram
20230404_C2-g8rGAi40.jpg,0,instagram
20230404_C2-UI2GOJ21.jpg,0,instagram
20230404_C25UrwJAivR.jpg,0,instagram
20230404_C28UH_0umVk.jpg,0,instagram
20230404_C29GDmeumX9.jpg,0,instagram
20230404_C2aQ3BwgZEV.jpg,0,instagram
20230404_C2c-jsqv6VH.jpg,0,instagram
20230404_C2chSBAO8pY.jpg,0,instagram
20230404_C2fcl8Aualz.jpg,0,instagram
20230404_C2k9pA8uKRz.jpg,0,instagram
20230404_C2kjG4Kti1w.jpg,0,instagram
20230404_C2ko5w1xInL.jpg,0,instagram
20230404_C2u6DeLr8Fn.jpg,0,instagram
20230404_C2vrorWN4Dq.jpg,0,instagram
20230404_C2xmDdlAwrf.jpg,0,instagram
20230404_C3-ZJ5cgH-_.jpg,0,instagram
20230404_C30SQQyJX3-.jpg,0,instagram
20230404_C33cNTPS0tO.jpg,0,instagram
20230404_C35NCmIg9OY.jpg,0,instagram
20230404_C3A4FaxgIzQ.jpg,0,instagram
20230404_C3dMn-6Pwlr.jpg,0,instagram
20230404_C3fxZ9tiLV7.jpg,0,instagram
20230404_C3I0w1Mgu5P.jpg,0,instagram
20230404_C3lL4Rlubf1.jpg,0,instagram
20230404_C3OOHuOyIOE.jpg,0,instagram
20230404_C3uMcRdOe5V.jpg,0,instagram
20230404_C3VfD_ptt5U.jpg,0,instagram
20230404_C3VRkdPrIvv.jpg,0,instagram
20230404_C402gpJtq1O.jpg,0,instagram
20230404_C48JdKqidu1.jpg,0,instagram
20230404_C4GsRzWJYHg.jpg,0,instagram
20230404_C4JAICIgeMw.jpg,0,instagram
20230404_C4JQLpLPdH5.jpg,0,instagram
20230404_C4TbvQgv8D_.jpg,0,instagram
20230404_C4WYcMxMu_f.jpg,0,instagram
20230404_C4YfCOnOoyx.jpg,0,instagram
20230404_C4YKtsZxmuU.jpg,0,instagram
20230404_C4_27jZJx4m.jpg,0,instagram
20230404_C5BIMEtg72E.jpg,0,instagram
20230404_C5Buc9CPkHM.jpg,0,instagram
20230404_C5OZP2xgjZa.jpg,0,instagram
20230404_CqwDsD2LYnc.jpg,0,instagram
20230404_CtKD2IWxe-a.jpg,0,instagram
20230404_Cucx29gOLte.jpg,0,instagram
20230404_CuEIJmpN7RK.jpg,0,instagram
20230404_CwBu5EasaF6.jpg,0,instagram
20230404_CwDvN6bA7Da.jpg,0,instagram
20230404_CyRlZMDyTR5.jpg,0,instagram
20230404_Czog-vhx68H.jpg,0,instagram
20210101_CJuvVFaFayR.jpg,1,instagram
20220404_CdGjgPzlIv_.jpg,1,instagram
20220404_CdGybmFPOOt.jpg,1,instagram
20220404_CdGzHHmu4vd.jpg,1,instagram
20220404_Ciu9DfDtfG5.jpg,1,instagram
20220404_CkPL29hLQuJ.jpg,1,instagram
20220404_ClMwGlBsAz3.jpg,1,instagram
20230404_C0ojw0JLCpk.jpg,1,instagram
20230404_C0pyafFIKMT.jpg,1,instagram
20230404_C117sblLTsl.jpg,1,instagram
20230404_C1dI7fUI8zg.jpg,1,instagram
20230404_C1idKn6oYtY.jpg,1,instagram
20230404_C1k-JPbOau9.jpg,1,instagram
20230404_C1uaoUpu3yi.jpg,1,instagram
20230404_C1xtJ5ALPlM.jpg,1,instagram
20230404_C2-E7VkKzAn.jpg,1,instagram
20230404_C22QIvnybG1.jpg,1,instagram
20230404_C272ChsuXlg.jpg,1,instagram
20230404_C27Mcx6O_8t.jpg,1,instagram
20230404_C29-5OMr5lY.jpg,1,instagram
20230404_C2bXHH2socm.jpg,1,instagram
20230404_C2CLniYLQko.jpg,1,instagram
20230404_C2cpyylLEcL.jpg,1,instagram
20230404_C2IPLDmsZS6.jpg,1,instagram
20230404_C2K3LmXALmE.jpg,1,instagram
20230404_C2luhXQNN2N.jpg,1,instagram
20230404_C2NiRuchPl3.jpg,1,instagram
20230404_C2oFtRQtURb.jpg,1,instagram
20230404_C2pgtcRoGBW.jpg,1,instagram
20230404_C2PjabxL2rA.jpg,1,instagram
20230404_C2Savtzsn_9.jpg,1,instagram
20230404_C2WHlNhi6lr.jpg,1,instagram
20230404_C2XN3twrD_6.jpg,1,instagram
20230404_C2xt4APOLH5.jpg,1,instagram
20230404_C38_3JbthVY.jpg,1,instagram
20230404_C39E89ZxDR8.jpg,1,instagram
20230404_C3i4xC2u5DW.jpg,1,instagram
20230404_C3iJviKtXyq.jpg,1,instagram
20230404_C3MvVZdu6xx.jpg,1,instagram
20230404_C4-f4ECuc5v.jpg,1,instagram
20230404_C43yewtu4Ok.jpg,1,instagram
20230404_C4C4iu3uBRL.jpg,1,instagram
20230404_C4eI_AFP4W9.jpg,1,instagram
20230404_C4TKlnCoiw.jpg,1,instagram
20230404_C4XT8hRuQji.jpg,1,instagram
20230404_C4yF3fXLmFH.jpg,1,instagram
20230404_C4yxLcUvpCQ.jpg,1,instagram
20230404_C4zHdwKLQvq.jpg,1,instagram
20230404_C5Q_m21J2Rj.jpg,1,instagram
20230404_Csov6Qcs-wn.jpg,1,instagram
20230404_CtMN5EhtEce.jpg,1,instagram
20230404_CuHgaTytkQW.jpg,1,instagram
20230404_CuuyXacRTZB.jpg,1,instagram
20230404_CwC3VtToXQk.jpg,1,instagram
20230404_CxDX1bmIiB0.jpg,1,instagram
20210101_CKkKsJDg3YN.jpg,3,instagram
20220404_CcyGU6nupla.jpg,3,instagram
20220404_CdFK73QO59M.jpg,3,instagram
20220404_CdYSPuerBzF.jpg,3,instagram
20220404_CfhORUUuMyT.jpg,3,instagram
20220404_CfSH6XQJfWF.jpg,3,instagram
20220404_CfxQniSujXi.jpg,3,instagram
20220404_ChsSJPcLg7u.jpg,3,instagram
20220404_CjvV-6Wr2M9.jpg,3,instagram
20220404_CkROllfNvYo.jpg,3,instagram
20220404_Co-Wnv2r4Gl.jpg,3,instagram
20230404_C0GOMU3I8Eg.jpg,3,instagram
20230404_C0rbgpzo610.jpg,3,instagram
20230404_C0rhwHLMxfW.jpg,3,instagram
20230404_C0SLEhGs4Q6.jpg,3,instagram
20230404_C1-E4ikPhWZ.jpg,3,instagram
20230404_C1-McGjsUQM.jpg,3,instagram
20230404_C10gNFJsGzP.jpg,3,instagram
20230404_C12JvjGxr2A.jpg,3,instagram
20230404_C16NGk-ue6b.jpg,3,instagram
20230404_C1fd_jpuS0w.jpg,3,instagram
20230404_C1sc3JfPwk3.jpg,3,instagram
20230404_C1zVcdhOyp6.jpg,3,instagram
20230404_C2-7NllsFxY.jpg,3,instagram
20230404_C20O2q4uo8e.jpg,3,instagram
20230404_C21mQhIuPCn.jpg,3,instagram
20230404_C22kKGzAugv.jpg,3,instagram
20230404_C22x-LfSllj.jpg,3,instagram
20230404_C255hgxoeQI.jpg,3,instagram
20230404_C2DD_2GOqCd.jpg,3,instagram
20230404_C2FClG4uD2u.jpg,3,instagram
20230404_C2gVXUVxtrw.jpg,3,instagram
20230404_C2hjpLCOtcS.jpg,3,instagram
20230404_C2j7i1MLwt.jpg,3,instagram
20230404_C2l8fz2yVlJ.jpg,3,instagram
20230404_C2s6hwPgC8P.jpg,3,instagram
20230404_C2tfDZSLR2E.jpg,3,instagram
20230404_C2uW9Osubs7.jpg,3,instagram
20230404_C2Wc9Umom1d.jpg,3,instagram
20230404_C38xdWzOBE2.jpg,3,instagram
20230404_C3aZji7Op73.jpg,3,instagram
20230404_C3bZQ1TOd2j.jpg,3,instagram
20230404_C3ewLmVuoQZ.jpg,3,instagram
20230404_C3fwOAXxFWO.jpg,3,instagram
20230404_C3F_h3xuhBy.jpg,3,instagram
20230404_C3i4RibB81a.jpg,3,instagram
20230404_C3ixA02uVJ9.jpg,3,instagram
20230404_C3nLLM4usRR.jpg,3,instagram
20230404_C3oVUlUrbL3.jpg,3,instagram
20230404_C3TQ_7wP3bs.jpg,3,instagram
20230404_C3wDKBQN_l8.jpg,3,instagram
20230404_C3YXMCXATWR.jpg,3,instagram
20230404_C3zHnfouZyi.jpg,3,instagram
20230404_C46OzXKpbNw.jpg,3,instagram
20230404_C4dZQVtsyRQ.jpg,3,instagram
20230404_C4f2GiNO6ZB.jpg,3,instagram
20230404_C4Gix9TOyJj.jpg,3,instagram
20230404_C4jipvKpXvB.jpg,3,instagram
20230404_C4lL_idNl1Y.jpg,3,instagram
20230404_C4mcVvPMyXe.jpg,3,instagram
20230404_C4r7wWtscLc.jpg,3,instagram
20230404_C4RmlTENn-F.jpg,3,instagram
20230404_C4S2d7uLVFY.jpg,3,instagram
20230404_C4XFaoyt4u3.jpg,3,instagram
20230404_C4XI4Y4NZGL.jpg,3,instagram
20230404_C4xv9YMA_ne.jpg,3,instagram
20230404_C4YxOSQxMGn.jpg,3,instagram
20230404_C4Y_MVMJ3Mi.jpg,3,instagram
20230404_C4_qc9JLGOl.jpg,3,instagram
20230404_C5CgMvDPyKF.jpg,3,instagram
20230404_CqqxZFOtbhG.jpg,3,instagram
20230404_Cr8SXNmye95.jpg,3,instagram
20230404_CsAFX_yv4JT.jpg,3,instagram
20230404_CszDq3roX61.jpg,3,instagram
20230404_CtcJjGNMGkS.jpg,3,instagram
20230404_Ctcp0qBNNDK.jpg,3,instagram
20230404_CuYF_oZLHJO.jpg,3,instagram
20230404_CvdD4dzOvZs.jpg,3,instagram
20230404_CvIFYK5gUwD.jpg,3,instagram
20230404_CzW_ztjrFmG.jpg,3,instagram
20210101_CMP2ivpBTpW.jpg,4,instagram
20210404_CUq1r7qA4_9.jpg,4,instagram
20210404_CVnlN4LLL9w.jpg,4,instagram
20220404_CdRocBPs6ND.jpg,4,instagram
20220404_CeKMT9oPWmS.jpg,4,instagram
20220404_Cfm6gnXo-kv.jpg,4,instagram
20220404_Cgj0pU3A5ET.jpg,4,instagram
20220404_CmkHfzZPY8h.jpg,4,instagram
20220404_CqNPjklBzja.jpg,4,instagram
20230404_C0cuNC-MEy8.jpg,4,instagram
20230404_C0fJ5VzLb_-.jpg,4,instagram
20230404_C0y7l1ar_GZ.jpg,4,instagram
20230404_C12larfpzoE.jpg,4,instagram
20230404_C14dBA9Bame.jpg,4,instagram
20230404_C14y2cjRAtI.jpg,4,instagram
20230404_C1E9vxTgaOT.jpg,4,instagram
20230404_C1ISsEWAXAs.jpg,4,instagram
20230404_C1jx0HSg-W0.jpg,4,instagram
20230404_C1pikhItI7j.jpg,4,instagram
20230404_C1rlAh9vyrF.jpg,4,instagram
20230404_C1w_T5TLELM.jpg,4,instagram
20230404_C2hpwkMNAw-.jpg,4,instagram
20230404_C2Nbl0igtfo.jpg,4,instagram
20230404_C2NlUpcPsan.jpg,4,instagram
20230404_C2QlLJVsuZa.jpg,4,instagram
20230404_C328qUPgOX6.jpg,4,instagram
20230404_C33m5roOJ-Q.jpg,4,instagram
20230404_C3aVTYGASYm.jpg,4,instagram
20230404_C3DevkXgu-U.jpg,4,instagram
20230404_C3DIFrltgJH.jpg,4,instagram
20230404_C3GaAhqtm5l.jpg,4,instagram
20230404_C3iup30Brhc.jpg,4,instagram
20230404_C3LLDIEJABY.jpg,4,instagram
20230404_C3l_yuZNup1.jpg,4,instagram
20230404_C3pv-i6Ifpt.jpg,4,instagram
20230404_C3QU7bbggS6.jpg,4,instagram
20230404_C4-1s7NsYI0.jpg,4,instagram
20230404_C4a6cLSAYLL.jpg,4,instagram
20230404_C4bHUs_A26x.jpg,4,instagram
20230404_C4D0iszCZE5.jpg,4,instagram
20230404_C4fu9vdg_Jg.jpg,4,instagram
20230404_C4GpNzUgIUO.jpg,4,instagram
20230404_C4LjQWBA_dj.jpg,4,instagram
20230404_C4PY40RrfT6.jpg,4,instagram
20230404_C4qfGnJLa9X.jpg,4,instagram
20230404_C4sXAtBtvo7.jpg,4,instagram
20230404_C4ZEKmzLeQ8.jpg,4,instagram
20230404_C5BRdFLrypM.jpg,4,instagram
20230404_C5JH5v7OdA6.jpg,4,instagram
20230404_C5Q-yhkghAH.jpg,4,instagram
20230404_C5TgNATKdfs.jpg,4,instagram
20230404_C5TNsDdCXEG.jpg,4,instagram
20230404_CrCOZt9x9Oo.jpg,4,instagram
20230404_CrwEpF0uybv.jpg,4,instagram
20230404_Cr_8gmSv1IR.jpg,4,instagram
20230404_CsbYZQzBnXu.jpg,4,instagram
20230404_CsmHd2nLLgI.jpg,4,instagram
20230404_CtrRr1eoaXa.jpg,4,instagram
20230404_CupIjDatimu.jpg,4,instagram
20230404_Cy-ZAmTrhRj.jpg,4,instagram
20230404_CyYH0LRO4wS.jpg,4,instagram
20220404_CpjhJQ-MQ5A.jpg,5,instagram
20230404_C0nVabWNL0I.jpg,5,instagram
20230404_C0t-AQ1rol8.jpg,5,instagram
20230404_C2-vSHUutFr.jpg,5,instagram
20230404_C27uWu_uO0-.jpg,5,instagram
20230404_C3NgqQRuApr.jpg,5,instagram
20230404_C3OrGQ-tZyf.jpg,5,instagram
20230404_C3TnnehrVk5.jpg,5,instagram
20230404_C4Dk8xxoftY.jpg,5,instagram
20230404_C4WjSEaug3r.jpg,5,instagram
20230404_C4XypgduAAt.jpg,5,instagram
20230404_C4ZRrcnMHT9.jpg,5,instagram
20230404_C5GfhC2Ly5w.jpg,5,instagram
20230404_CtCRangumYK.jpg,5,instagram
20230404_CtIYHKrLZqW.jpg,5,instagram
reddit_antimeme_Abort_1leg1auqun221.jpg,0,reddit
reddit_antimeme_Abort_1p2rzm0bju791.png,0,reddit
reddit_antimeme_Abort_3suige9wb0m71.jpg,0,reddit
reddit_antimeme_Abort_6r4jaq6c04z21.jpg,0,reddit
reddit_antimeme_Abort_imvmzh082m2a1.jpg,0,reddit
reddit_antimeme_Abort_lwekskxwwzt31.jpg,0,reddit
reddit_antimeme_Abort_mmb4id9liom11.jpg,0,reddit
reddit_antimeme_Abort_mmejzog318l71.jpg,0,reddit
reddit_antimeme_Abort_nc3leu3wm7z21.jpg,0,reddit
reddit_antimeme_Abort_nu2uovqjrc551.jpg,0,reddit
reddit_antimeme_Abort_oc28xrk8y9061.jpg,0,reddit
reddit_antimeme_Abort_ogw4exgu2oyb1.jpg,0,reddit
reddit_dankmemes_post-abortion_dpoy8ao7v3a91.jpg,0,reddit
reddit_dankmemes_post-abortion_jaz8hgvhkeg51.jpg,0,reddit
reddit_dankmemes_pro abortion_2irnto04e5l71.jpg,0,reddit
reddit_dankmemes_pro abortion_ln55je2f9yoa1.jpg,0,reddit
reddit_dankmemes_roe v wade_3pc55pfzzk791.jpg,0,reddit
reddit_dankmemes_roe v wade_h8o45ku2rvx81.png,0,reddit
reddit_dankmemes_roe v wade_kundu3b6wl291.png,0,reddit
reddit_dankmemes_roe v wade_zkzd0vy2ll791.jpg,0,reddit
reddit_memes_abortion_0yka75owqwj41.jpg,0,reddit
reddit_memes_abortion_1ee7l5xwa6k21.jpg,0,reddit
reddit_memes_abortion_2kxzvb60rev31.jpg,0,reddit
reddit_memes_abortion_7re2b8divbx81.jpg,0,reddit
reddit_memes_abortion_zg2ld87b4pr41.jpg,0,reddit
reddit_memes_Abort_te5z0vryzwz21.jpg,0,reddit
reddit_memes_pro abortion_bx1i09hob9u61.png,0,reddit
reddit_memes_pro abortion_eqty7sxbcjx51.jpg,0,reddit
reddit_memes_roe v wade_a8wd9uez4cy91.png,0,reddit
reddit_memes_roe v wade_mpindy01i2u91.jpg,0,reddit
reddit_memes_roe v wade_utrehe392yy81.jpg,0,reddit
reddit_meme_abortion_1jd1eivbs3891.jpg,0,reddit
reddit_meme_abortion_2wl41jnnzlka1.jpg,0,reddit
reddit_meme_abortion_5ltly9sshsd91.jpg,0,reddit
reddit_meme_abortion_gzfrt7ck6y431.jpg,0,reddit
reddit_meme_abortion_rioclyu8whc31.jpg,0,reddit
reddit_meme_abortion_rxt1qgensm791.jpg,0,reddit
reddit_meme_abortion_we31kfrgvbx81.jpg,0,reddit
reddit_meme_roe v wade_y56whsh8nl791.jpg,0,reddit
reddit_politicalmemes_abortion_25w85q1t10ab1.jpg,0,reddit
reddit_politicalmemes_abortion_2p84fnzkuhu81.png,0,reddit
reddit_politicalmemes_abortion_4d22uhndh46c1.jpeg,0,reddit
reddit_politicalmemes_abortion_djotm7c7fxs91.jpg,0,reddit
reddit_politicalmemes_abortion_jmx4y0qi13lb1.jpg,0,reddit
reddit_politicalmemes_abortion_n965y5ou8m4b1.png,0,reddit
reddit_politicalmemes_abortion_nysyosefahsb1.jpg,0,reddit
reddit_politicalmemes_abortion_r3dk56kkcorb1.jpg,0,reddit
reddit_politicalmemes_abortion_vvt5s6qpd0y21.jpg,0,reddit
reddit_politicalmemes_abortion_wn91g3j0tylb1.jpg,0,reddit
reddit_antimeme_Abort_1drmcjw1g5n51.png,1,reddit
reddit_antimeme_Abort_1p1pqwowcxi01.jpg,1,reddit
reddit_antimeme_Abort_85z26v0eq1jy.png,1,reddit
reddit_antimeme_Abort_gio0amlv9p831.jpg,1,reddit
reddit_antimeme_Abort_isohcl5d90u61.jpg,1,reddit
reddit_antimeme_Abort_vxmsewgkoa4z.jpg,1,reddit
reddit_dankmemes_post-abortion_d8ygckh4k3h41.jpg,1,reddit
reddit_dankmemes_pro abortion_6f8cipx4jdz81.jpg,1,reddit
reddit_dankmemes_pro abortion_p5v2q4g0z69z.jpg,1,reddit
reddit_memes_abortion_0g4rc5qd0r241.jpg,1,reddit
reddit_memes_abortion_2w2ayktlins71.jpg,1,reddit
reddit_memes_abortion_51dj9yr2ai891.jpg,1,reddit
reddit_memes_abortion_dxs46vcsqjy21.jpg,1,reddit
reddit_memes_abortion_o2skyx7arnb51.jpg,1,reddit
reddit_memes_abortion_oku5y81y0ep31.png,1,reddit
reddit_memes_post-abortion_af8uxvxwyyl31.jpg,1,reddit
reddit_memes_pro abortion_2qzx5klti9e91.jpg,1,reddit
reddit_memes_pro abortion_dzp469471o791.jpg,1,reddit
reddit_meme_abortion_0sjxiib6xgj91.png,1,reddit
reddit_meme_abortion_1ic9w8zfj9r71.png,1,reddit
reddit_meme_abortion_3j397jhqe1891.jpg,1,reddit
reddit_meme_abortion_76t8psd3xvf61.jpg,1,reddit
reddit_meme_abortion_t5aqcs48fw791.jpg,1,reddit
reddit_politicalmemes_abortion_1h3eo8uznl791.jpg,1,reddit
reddit_politicalmemes_abortion_2bubjz5oiil91.jpg,1,reddit
reddit_politicalmemes_abortion_3g458jmee8zb1.jpg,1,reddit
reddit_politicalmemes_abortion_41p40bpghq9a1.jpg,1,reddit
reddit_politicalmemes_abortion_5vznwrx968891.jpg,1,reddit
reddit_politicalmemes_abortion_wo1kkdw0mahc1.jpeg,1,reddit
reddit_politicalmemes_abortion_yqo2qk3zcnr91.jpg,1,reddit
reddit_antimeme_abortion_8xs9qmmmwrza1.jpg,3,reddit
reddit_antimeme_abortion_lem2c0xd3h841.jpg,3,reddit
reddit_antimeme_Abort_0fpr1emytcx21.jpg,3,reddit
reddit_antimeme_Abort_0kavx3o13xd61.jpg,3,reddit
reddit_antimeme_Abort_2570urrtjsp31.png,3,reddit
reddit_antimeme_Abort_2w5906u3uen51.png,3,reddit
reddit_antimeme_Abort_34mj3ws69po01.jpg,3,reddit
reddit_antimeme_Abort_3c82cnr01gi31.jpg,3,reddit
reddit_antimeme_Abort_40lev76yuzo31.jpg,3,reddit
reddit_antimeme_Abort_468icqvkb9dc1.jpeg,3,reddit
reddit_antimeme_Abort_5ah0ocmq2lp21.png,3,reddit
reddit_antimeme_Abort_5d22qkwc790c1.jpg,3,reddit
reddit_antimeme_Abort_667fqfy5tgbc1.jpeg,3,reddit
reddit_antimeme_Abort_6avbmze3ke491.jpg,3,reddit
reddit_antimeme_Abort_6fiu8nzezb221.png,3,reddit
reddit_antimeme_Abort_6rtk8kfwao321.jpg,3,reddit
reddit_antimeme_Abort_6zrbhmxelih21.jpg,3,reddit
reddit_antimeme_Abort_7fnwiiy5i5331.jpg,3,reddit
reddit_antimeme_Abort_7ypqt6k81cn31.jpg,3,reddit
reddit_antimeme_Abort_8siimdqln9m51.jpg,3,reddit
reddit_antimeme_Abort_9c2gqgz4d8r21.jpg,3,reddit
reddit_antimeme_Abort_9ci4mek8bm421.png,3,reddit
reddit_antimeme_Abort_a21wkuquwnk51.jpg,3,reddit
reddit_antimeme_Abort_bmgq1t828pv21.png,3,reddit
reddit_antimeme_Abort_bnxv7v4x63za1.jpg,3,reddit
reddit_antimeme_Abort_buacyvt7ogy21.jpg,3,reddit
reddit_antimeme_Abort_cvqk8y1clyr91.png,3,reddit
reddit_antimeme_Abort_dazt8d3ihpx31.jpg,3,reddit
reddit_antimeme_Abort_e56shr4lpv231.jpg,3,reddit
reddit_antimeme_Abort_glj2ng3z4dy31.jpg,3,reddit
reddit_antimeme_Abort_go1ppxd91zw51.jpg,3,reddit
reddit_antimeme_Abort_i2o9r5ppmc031.jpg,3,reddit
reddit_antimeme_Abort_iheuzmpqeo631.jpg,3,reddit
reddit_antimeme_Abort_ii7yexklew021.png,3,reddit
reddit_antimeme_Abort_ijz1rg52z7c21.jpg,3,reddit
reddit_antimeme_Abort_iykwot997gy21.jpg,3,reddit
reddit_antimeme_Abort_jaup7mjs11l51.png,3,reddit
reddit_antimeme_Abort_q9k0894ffnb71.jpg,3,reddit
reddit_antimeme_Abort_qdznrrw5ap131.jpg,3,reddit
reddit_antimeme_Abort_rmmhwnv3wvy81.jpg,3,reddit
reddit_antimeme_Abort_uuy5jobfw3k91.jpg,3,reddit
reddit_antimeme_Abort_v0uy49pi9q331.jpg,3,reddit
reddit_antimeme_Abort_v2grz1qi8sp31.jpg,3,reddit
reddit_antimeme_Abort_v4qmphlrio741.jpg,3,reddit
reddit_antimeme_Abort_ww99cev08oz21.jpg,3,reddit
reddit_antimeme_Abort_xyphj8oa4fb41.jpg,3,reddit
reddit_antimeme_Abort_yrx5c3xfdrb31.png,3,reddit
reddit_antimeme_Abort_zvkp32iu7e991.png,3,reddit
reddit_dankmemes_anti-choice_gqyh20pq22m71.jpg,3,reddit
reddit_dankmemes_post-abortion_41c6kssvu4z21.png,3,reddit
reddit_dankmemes_post-abortion_5hkc1d3854x11.jpg,3,reddit
reddit_dankmemes_post-abortion_b8mzr1uv9p791.jpg,3,reddit
reddit_dankmemes_post-abortion_k5q3fh3ilt791.jpg,3,reddit
reddit_dankmemes_post-abortion_p3viylnzq4121.jpg,3,reddit
reddit_dankmemes_pregnancy termination_y414uulzvmhy.png,3,reddit
reddit_dankmemes_pro abortion_4g332rrigxcy.png,3,reddit
reddit_dankmemes_pro abortion_6rkjqejnobc41.jpg,3,reddit
reddit_dankmemes_pro abortion_cgpum7nwfs791.jpg,3,reddit
reddit_dankmemes_pro abortion_eec1rdhimjb41.png,3,reddit
reddit_dankmemes_pro abortion_hiujgzfrx7x81.jpg,3,reddit
reddit_dankmemes_pro abortion_re49037k15031.jpg,3,reddit
reddit_dankmemes_prolife_8y7rha1rm4h31.jpg,3,reddit
reddit_dankmemes_roe v wade_074d8ty7ou791.jpg,3,reddit
reddit_dankmemes_roe v wade_ywrldmnjtm791.png,3,reddit
reddit_memes_abortion_02tsve0g5w031.jpg,3,reddit
reddit_memes_abortion_1ob274vn4aw71.jpg,3,reddit
reddit_memes_abortion_1wf976j151371.png,3,reddit
reddit_memes_abortion_45kd1y5mi6d41.jpg,3,reddit
reddit_memes_abortion_75n0vkoszq481.jpg,3,reddit
reddit_memes_abortion_7mfq5vqzh2721.jpg,3,reddit
reddit_memes_abortion_7ssoy43rq7e71.jpg,3,reddit
reddit_memes_abortion_8rfczz8x00m51.jpg,3,reddit
reddit_memes_abortion_8tr8dj9iyn271.jpg,3,reddit
reddit_memes_abortion_ahrwc78vpvf91.jpg,3,reddit
reddit_memes_abortion_br9nsgjzf2q51.png,3,reddit
reddit_memes_abortion_brjsmaxtqt361.jpg,3,reddit
reddit_memes_abortion_c62q7sr1uh041.jpg,3,reddit
reddit_memes_abortion_c9tsjvf99y151.jpg,3,reddit
reddit_memes_abortion_cakd293r6rs61.jpg,3,reddit
reddit_memes_abortion_d14xw76lbjq91.jpg,3,reddit
reddit_memes_abortion_e9ukl4gty6441.jpg,3,reddit
reddit_memes_abortion_ebtthumoki891.jpg,3,reddit
reddit_memes_abortion_f4arbjdo8fu51.jpg,3,reddit
reddit_memes_abortion_fiipq94m1io61.jpg,3,reddit
reddit_memes_abortion_h1eay1jem9u31.jpg,3,reddit
reddit_memes_abortion_hv4cexlfozb41.jpg,3,reddit
reddit_memes_abortion_iacj3g88bw291.jpg,3,reddit
reddit_memes_abortion_j3ym6en5t7g41.jpg,3,reddit
reddit_memes_abortion_k47ldoasszw51.jpg,3,reddit
reddit_memes_abortion_kjijsoxzfoc41.jpg,3,reddit
reddit_memes_abortion_l4u1571voh931.png,3,reddit
reddit_memes_abortion_m63mgpmdf1991.jpg,3,reddit
reddit_memes_abortion_mums2wc2wt771.png,3,reddit
reddit_memes_abortion_pfoupnrwtcf41.png,3,reddit
reddit_memes_abortion_pphqv5ucvuy21.jpg,3,reddit
reddit_memes_abortion_q5solfx1hxy81.jpg,3,reddit
reddit_memes_abortion_rzmz13bkndx81.jpg,3,reddit
reddit_memes_abortion_swppnnsg4wg51.jpg,3,reddit
reddit_memes_abortion_w762todb2bt31.png,3,reddit
reddit_memes_abortion_xhqarbf4odz21.jpg,3,reddit
reddit_memes_abortion_zcey0g682qq91.jpg,3,reddit
reddit_memes_Abort_npxjcb7jczn31.jpg,3,reddit
reddit_memes_Abort_x3xlfruqn9z21.jpg,3,reddit
reddit_memes_Abort_yjlnft03iez21.png,3,reddit
reddit_memes_anti-choice_eqa54vo2xof81.png,3,reddit
reddit_memes_post-abortion_6vnkjyfpr9y81.png,3,reddit
reddit_memes_post-abortion_be8ku3iokex21.jpg,3,reddit
reddit_memes_post-abortion_d1a5vtewtku31.png,3,reddit
reddit_memes_post-abortion_jk8c90oxw7g41.jpg,3,reddit
reddit_memes_post-abortion_q60pomjvz1841.png,3,reddit
reddit_memes_post-abortion_ygdx1brdvct41.png,3,reddit
reddit_memes_pregnancy termination_svb27aaw7hp51.jpg,3,reddit
reddit_memes_pro abortion_5etrpedh1zza1.jpg,3,reddit
reddit_memes_pro abortion_igcd81o5lly31.jpg,3,reddit
reddit_memes_pro abortion_jvk925scfd081.jpg,3,reddit
reddit_memes_pro abortion_xh8bx60iwll51.jpg,3,reddit
reddit_memes_right-to-life_8vjff9lb2pl91.jpg,3,reddit
reddit_memes_roe v wade_0fy93ms043991.jpg,3,reddit
reddit_memes_roe v wade_67bveze40ny81.jpg,3,reddit
reddit_memes_roe v wade_76bnvi3jvax81.png,3,reddit
reddit_memes_roe v wade_lp3pigdtpax81.jpg,3,reddit
reddit_memes_roe v wade_m39759dkrwy81.png,3,reddit
reddit_memes_roe v wade_pb71f0vtsdx81.png,3,reddit
reddit_memes_roe v wade_r2tegre0vr791.jpg,3,reddit
reddit_memes_roe v wade_wstoydmz9qy81.jpg,3,reddit
reddit_memes_roe v wade_xnsa4z5wlix81.jpg,3,reddit
reddit_memes_roe v wade_yh7yqplctm791.jpg,3,reddit
reddit_memes_roe v wade_zqhi1iuz9n791.jpg,3,reddit
reddit_meme_abortion_1zsqajgjrk0c1.png,3,reddit
reddit_meme_abortion_22y2ktgbffy41.jpg,3,reddit
reddit_meme_abortion_2vygwjvg30ib1.jpg,3,reddit
reddit_meme_abortion_30qzqspj3m441.jpg,3,reddit
reddit_meme_abortion_39t1erh0mou31.png,3,reddit
reddit_meme_abortion_3kid5h309l961.jpg,3,reddit
reddit_meme_abortion_4zv2w9admpfa1.jpg,3,reddit
reddit_meme_abortion_5tx0ck2w3tza1.jpg,3,reddit
reddit_meme_abortion_9vj1fy6989gc1.jpeg,3,reddit
reddit_meme_abortion_b76lvvv2t2891.jpg,3,reddit
reddit_meme_abortion_be6z922examc1.jpeg,3,reddit
reddit_meme_abortion_conu3addrpw61.jpg,3,reddit
reddit_meme_abortion_hyo4q95k6gx81.jpg,3,reddit
reddit_meme_abortion_ko5nho3lul791.jpg,3,reddit
reddit_meme_abortion_l8r354nafp791.jpg,3,reddit
reddit_meme_abortion_m1ptw5eu29na1.jpg,3,reddit
reddit_meme_abortion_mzku9hzc3rh51.jpg,3,reddit
reddit_meme_abortion_okdzkl3wmv841.jpg,3,reddit
reddit_meme_abortion_pgwj83irzsq91.jpg,3,reddit
reddit_meme_abortion_rqatnlj18o891.jpg,3,reddit
reddit_meme_abortion_s3z85xxa3io41.jpg,3,reddit
reddit_meme_abortion_shwqi16wyfu41.jpg,3,reddit
reddit_meme_abortion_taegevl213f91.jpg,3,reddit
reddit_meme_abortion_uiw51aqktfq91.jpg,3,reddit
reddit_meme_abortion_zc2sy01pcsg41.jpg,3,reddit
reddit_meme_roe v wade_b1k7e1joglz81.jpg,3,reddit
reddit_politicalmemes_abortion_0wm27e7q4vt91.jpg,3,reddit
reddit_politicalmemes_abortion_1agfnpea63za1.png,3,reddit
reddit_politicalmemes_abortion_1mny84gj2uy21.jpg,3,reddit
reddit_politicalmemes_abortion_2hmbado2bvx81.png,3,reddit
reddit_politicalmemes_abortion_3slbt5j66bva1.png,3,reddit
reddit_politicalmemes_abortion_b31cq59wr0691.jpg,3,reddit
reddit_politicalmemes_abortion_bf6ijlbbg7f91.jpg,3,reddit
reddit_politicalmemes_abortion_bm6l8jn20ev91.jpg,3,reddit
reddit_politicalmemes_abortion_c579fdj2bd5a1.jpg,3,reddit
reddit_politicalmemes_abortion_c9hdb9evhzu81.jpg,3,reddit
reddit_politicalmemes_abortion_caorvwxfttu41.jpg,3,reddit
reddit_politicalmemes_abortion_em6dxj2ghbeb1.jpg,3,reddit
reddit_politicalmemes_abortion_hv5los4ujuma1.jpg,3,reddit
reddit_politicalmemes_abortion_ir0npj6mys791.png,3,reddit
reddit_politicalmemes_abortion_joxbly859k931.jpg,3,reddit
reddit_politicalmemes_abortion_qkahii406yb91.png,3,reddit
reddit_politicalmemes_abortion_s3324x9wyq8c1.png,3,reddit
reddit_politicalmemes_abortion_wcucdlqn5knc1.png,3,reddit
reddit_politicalmemes_abortion_wtpkw9jl1c751.jpg,3,reddit
reddit_politicalmemes_abortion_xlpfpnim90n71.jpg,3,reddit
reddit_politicalmemes_Dobbs v. Jackson_k7xiayo8e4zb1.jpg,3,reddit
reddit_politicalmemes_roe v wade_0rnxi6ci3n891.jpg,3,reddit
reddit_politicalmemes_roe v wade_ugnbzu7hdurb1.jpg,3,reddit
reddit_antimeme_Abort_f9n8wjo0j5z21.png,4,reddit
reddit_antimeme_Abort_hm3hvyzwuvu01.jpg,4,reddit
reddit_antimeme_Abort_iw93r67kz1lc1.jpeg,4,reddit
reddit_antimeme_Abort_p2g5hh27rka21.png,4,reddit
reddit_antimeme_Abort_qznn1dizagy21.png,4,reddit
reddit_antimeme_Abort_rqs26p59g4l71.jpg,4,reddit
reddit_antimeme_Abort_tbfel7dhs5691.png,4,reddit
reddit_antimeme_Abort_v8lujtfjgty21.jpg,4,reddit
reddit_antimeme_Abort_whzrgoc12ny21.jpg,4,reddit
reddit_dankmemes_anti-choice_0fy99sjjnd741.jpg,4,reddit
reddit_dankmemes_post-abortion_cggg2g2aaal41.jpg,4,reddit
reddit_dankmemes_post-abortion_mprpr9uhf0891.jpg,4,reddit
reddit_dankmemes_pro abortion_3s3t14fz4oj61.jpg,4,reddit
reddit_dankmemes_pro abortion_ow0okg57vwra1.png,4,reddit
reddit_dankmemes_pro abortion_pbg8eu7oklx81.jpg,4,reddit
reddit_dankmemes_prolife_q6mecwadzgt21.png,4,reddit
reddit_dankmemes_right-to-life_o6ojhcuh2r791.jpg,4,reddit
reddit_dankmemes_roe v wade_ffj2wdc33fa91.jpg,4,reddit
reddit_dankmemes_roe v wade_jlbj3db01m791.jpg,4,reddit
reddit_dankmemes_roe v wade_mo4m7c2ual791.jpg,4,reddit
reddit_dankmemes_roe v wade_t13nolkdoa991.png,4,reddit
reddit_memes_abortion_14fcrrxernx81.jpg,4,reddit
reddit_memes_abortion_2hrhzdn4q9ma1.jpg,4,reddit
reddit_memes_abortion_bqr8rgd32dt71.jpg,4,reddit
reddit_memes_abortion_jvotci1r7at31.png,4,reddit
reddit_memes_abortion_mkh2if9jjtk31.jpg,4,reddit
reddit_memes_abortion_mxbe2yna05l71.jpg,4,reddit
reddit_memes_abortion_w62cvmp8d6s51.jpg,4,reddit
reddit_memes_abortion_wty1halnn2b81.jpg,4,reddit
reddit_memes_post-abortion_91hdptomq9621.jpg,4,reddit
reddit_memes_pro abortion_9imnr99izhqy.jpg,4,reddit
reddit_memes_pro abortion_a5agbkn1m91a1.jpg,4,reddit
reddit_memes_pro abortion_dfdwmtedhx791.jpg,4,reddit
reddit_memes_pro abortion_icu4wx9hqi191.jpg,4,reddit
reddit_memes_pro abortion_j9ji8knjgcy21.jpg,4,reddit
reddit_memes_pro abortion_tk5uotcvitm71.jpg,4,reddit
reddit_memes_pro abortion_tktyamg3ypx81.jpg,4,reddit
reddit_memes_pro abortion_zgo5bbyngex81.png,4,reddit
reddit_memes_right-to-life_9vl4whwchyn91.jpg,4,reddit
reddit_meme_abortion_05ymen2thm791.jpg,4,reddit
reddit_meme_abortion_3j84d7dybwrb1.jpg,4,reddit
reddit_meme_abortion_5w2f7furor791.jpg,4,reddit
reddit_meme_abortion_870vssh0cq251.jpg,4,reddit
reddit_meme_abortion_bngdkytb5k831.jpg,4,reddit
reddit_meme_abortion_flecsf2cfhx81.jpg,4,reddit
reddit_meme_abortion_lwalkm6u4p791.jpg,4,reddit
reddit_meme_abortion_qiq7ao3513t91.png,4,reddit
reddit_meme_abortion_uwe99mli78q91.jpg,4,reddit
reddit_meme_abortion_ux6ggw0zggcc1.jpeg,4,reddit
reddit_meme_abortion_uy2afegqikf31.jpg,4,reddit
reddit_meme_roe v wade_qtq460qzb4891.jpg,4,reddit
reddit_politicalmemes_abortion_059f8p7ig7sb1.png,4,reddit
reddit_politicalmemes_abortion_218dbidzljlb1.jpg,4,reddit
reddit_politicalmemes_abortion_3yb16wk946nc1.jpeg,4,reddit
reddit_politicalmemes_abortion_4gq5e4t5vpr91.jpg,4,reddit
reddit_politicalmemes_abortion_5dbw2kgznyj91.png,4,reddit
reddit_politicalmemes_abortion_5l4tqcr5aax81.jpg,4,reddit
reddit_politicalmemes_abortion_5uyfve9dntwb1.jpg,4,reddit
reddit_politicalmemes_abortion_748kf36gj7pc1.jpeg,4,reddit
reddit_politicalmemes_abortion_7jabxotpy4291.jpg,4,reddit
reddit_politicalmemes_abortion_8jusp32xzdmc1.jpeg,4,reddit
reddit_politicalmemes_abortion_92sek8medijb1.jpg,4,reddit
reddit_politicalmemes_abortion_a05erokdtjc91.jpg,4,reddit
reddit_politicalmemes_abortion_a54lyiysc2i81.jpg,4,reddit
reddit_politicalmemes_abortion_e3l1txbn3hlb1.jpg,4,reddit
reddit_politicalmemes_abortion_eh5eho38f42b1.jpg,4,reddit
reddit_politicalmemes_abortion_emvwetmsjz3a1.jpg,4,reddit
reddit_politicalmemes_abortion_exn9k2nz7j391.jpg,4,reddit
reddit_politicalmemes_abortion_ezzn15d0tddc1.jpeg,4,reddit
reddit_politicalmemes_abortion_fgqboi75yceb1.png,4,reddit
reddit_politicalmemes_abortion_fsuagd9dhbl71.jpg,4,reddit
reddit_politicalmemes_abortion_fzaor48d5x8c1.jpeg,4,reddit
reddit_politicalmemes_abortion_g039pm8wwdmc1.jpeg,4,reddit
reddit_politicalmemes_abortion_i28crqps0ea91.jpg,4,reddit
reddit_politicalmemes_abortion_i3qz2yz1pkcb1.png,4,reddit
reddit_politicalmemes_abortion_ihac066k0nn91.png,4,reddit
reddit_politicalmemes_abortion_j6d6msg14ba91.jpg,4,reddit
reddit_politicalmemes_abortion_jf7i6swsady81.jpg,4,reddit
reddit_politicalmemes_abortion_jw77vvhwxata1.jpg,4,reddit
reddit_politicalmemes_abortion_lfaugohg5z281.jpg,4,reddit
reddit_politicalmemes_abortion_lk1o9yg6w5961.jpg,4,reddit
reddit_politicalmemes_abortion_pb1v821e1n291.jpg,4,reddit
reddit_politicalmemes_abortion_q6gg4nlf3e991.png,4,reddit
reddit_politicalmemes_abortion_qlds26eqcds91.jpg,4,reddit
reddit_politicalmemes_abortion_qyxhb4gn7t191.jpg,4,reddit
reddit_politicalmemes_abortion_sdgyzdg449mb1.jpg,4,reddit
reddit_politicalmemes_abortion_uzvydkihagx81.jpg,4,reddit
reddit_politicalmemes_abortion_vm4nxg5e7q381.jpg,4,reddit
reddit_politicalmemes_abortion_w5op7l6zbdkc1.jpeg,4,reddit
reddit_politicalmemes_abortion_wd6txc8bdt031.jpg,4,reddit
reddit_politicalmemes_abortion_wh3slo0h7bd61.jpg,4,reddit
reddit_politicalmemes_abortion_z278esfwnpr11.jpg,4,reddit
reddit_politicalmemes_anti-choice_edcd3fm6avaa1.png,4,reddit
reddit_politicalmemes_roe v wade_k0dd2cgshafc1.png,4,reddit
reddit_politicalmemes_roe v wade_uqxjg51lujx81.png,4,reddit
reddit_antimeme_Abort_79ugz4y2am461.jpg,5,reddit
reddit_antimeme_Abort_dp1ryfa5e8z81.jpg,5,reddit
reddit_dankmemes_anti-choice_a635ymanp5651.png,5,reddit
reddit_dankmemes_pro abortion_ylkn0a4nn0y81.png,5,reddit
reddit_dankmemes_right-to-life_d7ifytkk96031.jpg,5,reddit
reddit_memes_abortion_webek82dnyz21.jpg,5,reddit
reddit_memes_pro abortion_618387ld2uz21.jpg,5,reddit
reddit_memes_roe v wade_jjdzm6mmv0091.jpg,5,reddit
reddit_memes_roe v wade_k1jb5aae1jx81.png,5,reddit
reddit_meme_abortion_341kcom35bl41.jpg,5,reddit
reddit_meme_abortion_bexzlm23md931.jpg,5,reddit
reddit_meme_abortion_v564k5pzust41.jpg,5,reddit
reddit_meme_abortion_vajc0fwn3i291.jpg,5,reddit
reddit_politicalmemes_abortion_7rmnbugqyyx81.jpg,5,reddit
reddit_politicalmemes_abortion_lu26f45z0vb91.jpg,5,reddit
reddit_politicalmemes_abortion_n51lf4crx4aa1.jpg,5,reddit
