Image ID,File Path,secondgpt,firstgpt,human,platform,secondgptwith3
instagram_20230404_C48JdKqidu1,D:/crawl/gpt_anti-or-pro/pro\instagram_20230404_C48JdKqidu1.jpg,0,0,0,instagram,0
instagram_20210101_CMP2ivpBTpW,D:/crawl/gpt_anti-or-pro/pro\20210101_CMP2ivpBTpW.jpg,0,0,0,instagram,1
instagram_20210404_CUq1r7qA4_9,D:/crawl/gpt_anti-or-pro/pro\20210404_CUq1r7qA4_9.jpg,1,1,0,instagram,0
instagram_20210404_CVnlN4LLL9w,D:/crawl/gpt_anti-or-pro/pro\20210404_CVnlN4LLL9w.jpg,0,1,0,instagram,0
instagram_20220404_CdL-3m2JvhG,D:/crawl/gpt_anti-or-pro/pro\20220404_CdL-3m2JvhG.jpg,0,1,0,instagram,1
instagram_20220404_CdRocBPs6ND,D:/crawl/gpt_anti-or-pro/pro\20220404_CdRocBPs6ND.jpg,1,0,0,instagram,0
instagram_20220404_CdXJxRVMDwf,D:/crawl/gpt_anti-or-pro/pro\20220404_CdXJxRVMDwf.jpg,0,0,0,instagram,0
instagram_20220404_CeKMT9oPWmS,D:/crawl/gpt_anti-or-pro/pro\20220404_CeKMT9oPWmS.jpg,0,0,0,instagram,0
instagram_20220404_CfO12ptr8-n,D:/crawl/gpt_anti-or-pro/pro\20220404_CfO12ptr8-n.jpg,0,0,0,instagram,0
instagram_20220404_CfcI6Uol8kY,D:/crawl/gpt_anti-or-pro/pro\20220404_CfcI6Uol8kY.jpg,0,0,0,instagram,0
instagram_20220404_CfetJT7hZrg,D:/crawl/gpt_anti-or-pro/pro\20220404_CfetJT7hZrg.jpg,0,0,0,instagram,0
instagram_20220404_Cfm6gnXo-kv,D:/crawl/gpt_anti-or-pro/pro\20220404_Cfm6gnXo-kv.jpg,0,0,0,instagram,0
instagram_20220404_Cgj0pU3A5ET,D:/crawl/gpt_anti-or-pro/pro\20220404_Cgj0pU3A5ET.jpg,0,0,0,instagram,0
instagram_20220404_CgzMdvcghyq,D:/crawl/gpt_anti-or-pro/pro\20220404_CgzMdvcghyq.jpg,0,0,0,instagram,0
instagram_20220404_CkfVRtYOnXz,D:/crawl/gpt_anti-or-pro/pro\20220404_CkfVRtYOnXz.jpg,0,0,0,instagram,0
instagram_20220404_CkqT5yhrFA,D:/crawl/gpt_anti-or-pro/pro\20220404_CkqT5yhrFA.jpg,0,0,0,instagram,0
instagram_20220404_CmkHfzZPY8h,D:/crawl/gpt_anti-or-pro/pro\20220404_CmkHfzZPY8h.jpg,0,0,0,instagram,0
instagram_20220404_CpiKB-jts2P,D:/crawl/gpt_anti-or-pro/pro\20220404_CpiKB-jts2P.jpg,0,0,0,instagram,0
instagram_20220404_CpnZW2osb_F,D:/crawl/gpt_anti-or-pro/pro\20220404_CpnZW2osb_F.jpg,0,0,0,instagram,1
instagram_20220404_CqNPjklBzja,D:/crawl/gpt_anti-or-pro/pro\20220404_CqNPjklBzja.jpg,1,0,0,instagram,0
instagram_20230404_C02boIkx09f,D:/crawl/gpt_anti-or-pro/pro\20230404_C02boIkx09f.jpg,0,0,0,instagram,0
instagram_20230404_C0cuNC-MEy8,D:/crawl/gpt_anti-or-pro/pro\20230404_C0cuNC-MEy8.jpg,0,0,0,instagram,0
instagram_20230404_C0fJ5VzLb_-,D:/crawl/gpt_anti-or-pro/pro\20230404_C0fJ5VzLb_-.jpg,0,0,0,instagram,0
instagram_20230404_C0g8FT6AMt,D:/crawl/gpt_anti-or-pro/pro\20230404_C0g8FT6AMt.jpg,0,0,0,instagram,1
instagram_20230404_C0hPZB6t1QR,D:/crawl/gpt_anti-or-pro/pro\20230404_C0hPZB6t1QR.jpg,1,1,0,instagram,3
instagram_20230404_C0ooXjwNl_5,D:/crawl/gpt_anti-or-pro/pro\20230404_C0ooXjwNl_5.jpg,1,1,0,instagram,1
instagram_20230404_C0tx-WHqD8a,D:/crawl/gpt_anti-or-pro/pro\20230404_C0tx-WHqD8a.jpg,1,1,0,instagram,0
instagram_20230404_C0y7l1ar_GZ,D:/crawl/gpt_anti-or-pro/pro\20230404_C0y7l1ar_GZ.jpg,0,0,0,instagram,0
instagram_20230404_C1-Jlo8uyRT,D:/crawl/gpt_anti-or-pro/pro\20230404_C1-Jlo8uyRT.jpg,0,0,0,instagram,0
instagram_20230404_C12NAm3N3GC,D:/crawl/gpt_anti-or-pro/pro\20230404_C12NAm3N3GC.jpg,0,0,0,instagram,0
instagram_20230404_C12larfpzoE,D:/crawl/gpt_anti-or-pro/pro\20230404_C12larfpzoE.jpg,0,0,0,instagram,0
instagram_20230404_C14dBA9Bame,D:/crawl/gpt_anti-or-pro/pro\20230404_C14dBA9Bame.jpg,0,0,0,instagram,1
instagram_20230404_C14y2cjRAtI,D:/crawl/gpt_anti-or-pro/pro\20230404_C14y2cjRAtI.jpg,1,0,0,instagram,0
instagram_20230404_C15CsFpAAGZ,D:/crawl/gpt_anti-or-pro/pro\20230404_C15CsFpAAGZ.jpg,0,0,0,instagram,0
instagram_20230404_C17B0slskT0,D:/crawl/gpt_anti-or-pro/pro\20230404_C17B0slskT0.jpg,0,0,0,instagram,0
instagram_20230404_C17PhVOsRBd,D:/crawl/gpt_anti-or-pro/pro\20230404_C17PhVOsRBd.jpg,0,0,0,instagram,0
instagram_20230404_C18MnRxrAmq,D:/crawl/gpt_anti-or-pro/pro\20230404_C18MnRxrAmq.jpg,0,0,0,instagram,0
instagram_20230404_C1AJpU-gmkX,D:/crawl/gpt_anti-or-pro/pro\20230404_C1AJpU-gmkX.jpg,0,0,0,instagram,0
instagram_20230404_C1E9vxTgaOT,D:/crawl/gpt_anti-or-pro/pro\20230404_C1E9vxTgaOT.jpg,0,0,0,instagram,0
instagram_20230404_C1FLYmOtW7b,D:/crawl/gpt_anti-or-pro/pro\20230404_C1FLYmOtW7b.jpg,0,0,0,instagram,0
instagram_20230404_C1FupWwLG1R,D:/crawl/gpt_anti-or-pro/pro\20230404_C1FupWwLG1R.jpg,0,0,0,instagram,0
instagram_20230404_C1ISsEWAXAs,D:/crawl/gpt_anti-or-pro/pro\20230404_C1ISsEWAXAs.jpg,0,0,0,instagram,0
instagram_20230404_C1NIpWzvG1x,D:/crawl/gpt_anti-or-pro/pro\20230404_C1NIpWzvG1x.jpg,0,0,0,instagram,0
instagram_20230404_C1XpdWRqaA5,D:/crawl/gpt_anti-or-pro/pro\20230404_C1XpdWRqaA5.jpg,0,0,0,instagram,0
instagram_20230404_C1jx0HSg-W0,D:/crawl/gpt_anti-or-pro/pro\20230404_C1jx0HSg-W0.jpg,0,0,0,instagram,0
instagram_20230404_C1lWeSgrssu,D:/crawl/gpt_anti-or-pro/pro\20230404_C1lWeSgrssu.jpg,0,0,0,instagram,0
instagram_20230404_C1mbc-yPic2,D:/crawl/gpt_anti-or-pro/pro\20230404_C1mbc-yPic2.jpg,0,0,0,instagram,0
instagram_20230404_C1pPqoROkkE,D:/crawl/gpt_anti-or-pro/pro\20230404_C1pPqoROkkE.jpg,0,0,0,instagram,0
instagram_20230404_C1pikhItI7j,D:/crawl/gpt_anti-or-pro/pro\20230404_C1pikhItI7j.jpg,0,0,0,instagram,0
instagram_20230404_C1rlAh9vyrF,D:/crawl/gpt_anti-or-pro/pro\20230404_C1rlAh9vyrF.jpg,0,0,0,instagram,0
instagram_20230404_C1u4FuoRN42,D:/crawl/gpt_anti-or-pro/pro\20230404_C1u4FuoRN42.jpg,0,0,0,instagram,0
instagram_20230404_C1usXL1xC3s,D:/crawl/gpt_anti-or-pro/pro\20230404_C1usXL1xC3s.jpg,0,0,0,instagram,1
instagram_20230404_C1w_T5TLELM,D:/crawl/gpt_anti-or-pro/pro\20230404_C1w_T5TLELM.jpg,1,0,0,instagram,0
instagram_20230404_C1xsbvssR-F,D:/crawl/gpt_anti-or-pro/pro\20230404_C1xsbvssR-F.jpg,0,0,0,instagram,0
instagram_20230404_C1yBJhMSAde,D:/crawl/gpt_anti-or-pro/pro\20230404_C1yBJhMSAde.jpg,0,0,0,instagram,0
instagram_20230404_C2-CLXTutNe,D:/crawl/gpt_anti-or-pro/pro\20230404_C2-CLXTutNe.jpg,0,0,0,instagram,0
instagram_20230404_C2-UI2GOJ21,D:/crawl/gpt_anti-or-pro/pro\20230404_C2-UI2GOJ21.jpg,0,0,0,instagram,0
instagram_20230404_C2-g8rGAi40,D:/crawl/gpt_anti-or-pro/pro\20230404_C2-g8rGAi40.jpg,0,0,0,instagram,0
instagram_20230404_C25UrwJAivR,D:/crawl/gpt_anti-or-pro/pro\20230404_C25UrwJAivR.jpg,0,0,0,instagram,0
instagram_20230404_C28UH_0umVk,D:/crawl/gpt_anti-or-pro/pro\20230404_C28UH_0umVk.jpg,0,0,0,instagram,0
instagram_20230404_C29GDmeumX9,D:/crawl/gpt_anti-or-pro/pro\20230404_C29GDmeumX9.jpg,0,0,0,instagram,0
instagram_20230404_C2Nbl0igtfo,D:/crawl/gpt_anti-or-pro/pro\20230404_C2Nbl0igtfo.jpg,0,0,0,instagram,1
instagram_20230404_C2NlUpcPsan,D:/crawl/gpt_anti-or-pro/pro\20230404_C2NlUpcPsan.jpg,1,0,0,instagram,0
instagram_20230404_C2QlLJVsuZa,D:/crawl/gpt_anti-or-pro/pro\20230404_C2QlLJVsuZa.jpg,0,0,0,instagram,0
instagram_20230404_C2aQ3BwgZEV,D:/crawl/gpt_anti-or-pro/pro\20230404_C2aQ3BwgZEV.jpg,0,0,0,instagram,0
instagram_20230404_C2c-jsqv6VH,D:/crawl/gpt_anti-or-pro/pro\20230404_C2c-jsqv6VH.jpg,0,0,0,instagram,0
instagram_20230404_C2chSBAO8pY,D:/crawl/gpt_anti-or-pro/pro\20230404_C2chSBAO8pY.jpg,0,0,0,instagram,0
instagram_20230404_C2fcl8Aualz,D:/crawl/gpt_anti-or-pro/pro\20230404_C2fcl8Aualz.jpg,0,0,0,instagram,0
instagram_20230404_C2hpwkMNAw-,D:/crawl/gpt_anti-or-pro/pro\20230404_C2hpwkMNAw-.jpg,0,0,0,instagram,0
instagram_20230404_C2k9pA8uKRz,D:/crawl/gpt_anti-or-pro/pro\20230404_C2k9pA8uKRz.jpg,0,0,0,instagram,0
instagram_20230404_C2kjG4Kti1w,D:/crawl/gpt_anti-or-pro/pro\20230404_C2kjG4Kti1w.jpg,0,0,0,instagram,1
instagram_20230404_C2ko5w1xInL,D:/crawl/gpt_anti-or-pro/pro\20230404_C2ko5w1xInL.jpg,1,0,0,instagram,0
instagram_20230404_C2u6DeLr8Fn,D:/crawl/gpt_anti-or-pro/pro\20230404_C2u6DeLr8Fn.jpg,0,0,0,instagram,0
instagram_20230404_C2vrorWN4Dq,D:/crawl/gpt_anti-or-pro/pro\20230404_C2vrorWN4Dq.jpg,0,0,0,instagram,0
instagram_20230404_C2xmDdlAwrf,D:/crawl/gpt_anti-or-pro/pro\20230404_C2xmDdlAwrf.jpg,0,0,0,instagram,0
instagram_20230404_C3-ZJ5cgH-_,D:/crawl/gpt_anti-or-pro/pro\20230404_C3-ZJ5cgH-_.jpg,0,0,0,instagram,0
instagram_20230404_C30SQQyJX3-,D:/crawl/gpt_anti-or-pro/pro\20230404_C30SQQyJX3-.jpg,0,0,0,instagram,0
instagram_20230404_C328qUPgOX6,D:/crawl/gpt_anti-or-pro/pro\20230404_C328qUPgOX6.jpg,0,0,0,instagram,0
instagram_20230404_C33cNTPS0tO,D:/crawl/gpt_anti-or-pro/pro\20230404_C33cNTPS0tO.jpg,0,0,0,instagram,1
instagram_20230404_C33m5roOJ-Q,D:/crawl/gpt_anti-or-pro/pro\20230404_C33m5roOJ-Q.jpg,1,1,0,instagram,0
instagram_20230404_C35NCmIg9OY,D:/crawl/gpt_anti-or-pro/pro\20230404_C35NCmIg9OY.jpg,0,0,0,instagram,0
instagram_20230404_C3A4FaxgIzQ,D:/crawl/gpt_anti-or-pro/pro\20230404_C3A4FaxgIzQ.jpg,0,0,0,instagram,0
instagram_20230404_C3DIFrltgJH,D:/crawl/gpt_anti-or-pro/pro\20230404_C3DIFrltgJH.jpg,0,1,0,instagram,1
instagram_20230404_C3DevkXgu-U,D:/crawl/gpt_anti-or-pro/pro\20230404_C3DevkXgu-U.jpg,1,0,0,instagram,0
instagram_20230404_C3GaAhqtm5l,D:/crawl/gpt_anti-or-pro/pro\20230404_C3GaAhqtm5l.jpg,0,0,0,instagram,0
instagram_20230404_C3I0w1Mgu5P,D:/crawl/gpt_anti-or-pro/pro\20230404_C3I0w1Mgu5P.jpg,0,0,0,instagram,0
instagram_20230404_C3LLDIEJABY,D:/crawl/gpt_anti-or-pro/pro\20230404_C3LLDIEJABY.jpg,0,0,0,instagram,0
instagram_20230404_C3OOHuOyIOE,D:/crawl/gpt_anti-or-pro/pro\20230404_C3OOHuOyIOE.jpg,0,0,0,instagram,0
instagram_20230404_C3QU7bbggS6,D:/crawl/gpt_anti-or-pro/pro\20230404_C3QU7bbggS6.jpg,0,0,0,instagram,0
instagram_20230404_C3VRkdPrIvv,D:/crawl/gpt_anti-or-pro/pro\20230404_C3VRkdPrIvv.jpg,0,0,0,instagram,0
instagram_20230404_C3VfD_ptt5U,D:/crawl/gpt_anti-or-pro/pro\20230404_C3VfD_ptt5U.jpg,0,0,0,instagram,1
instagram_20230404_C3aVTYGASYm,D:/crawl/gpt_anti-or-pro/pro\20230404_C3aVTYGASYm.jpg,1,0,0,instagram,0
instagram_20230404_C3dMn-6Pwlr,D:/crawl/gpt_anti-or-pro/pro\20230404_C3dMn-6Pwlr.jpg,0,0,0,instagram,0
instagram_20230404_C3fxZ9tiLV7,D:/crawl/gpt_anti-or-pro/pro\20230404_C3fxZ9tiLV7.jpg,0,0,0,instagram,0
instagram_20230404_C3iup30Brhc,D:/crawl/gpt_anti-or-pro/pro\20230404_C3iup30Brhc.jpg,0,1,0,instagram,0
instagram_20230404_C3lL4Rlubf1,D:/crawl/gpt_anti-or-pro/pro\20230404_C3lL4Rlubf1.jpg,0,0,0,instagram,3
instagram_20230404_C3l_yuZNup1,D:/crawl/gpt_anti-or-pro/pro\20230404_C3l_yuZNup1.jpg,1,1,0,instagram,0
instagram_20230404_C3pv-i6Ifpt,D:/crawl/gpt_anti-or-pro/pro\20230404_C3pv-i6Ifpt.jpg,0,0,0,instagram,1
instagram_20230404_C3uMcRdOe5V,D:/crawl/gpt_anti-or-pro/pro\20230404_C3uMcRdOe5V.jpg,1,1,0,instagram,1
instagram_20230404_C4-1s7NsYI0,D:/crawl/gpt_anti-or-pro/pro\20230404_C4-1s7NsYI0.jpg,1,1,0,instagram,0
instagram_20230404_C402gpJtq1O,D:/crawl/gpt_anti-or-pro/pro\20230404_C402gpJtq1O.jpg,0,0,0,instagram,0
instagram_20230404_C4D0iszCZE5,D:/crawl/gpt_anti-or-pro/pro\20230404_C4D0iszCZE5.jpg,1,1,0,instagram,1
instagram_20230404_C4GpNzUgIUO,D:/crawl/gpt_anti-or-pro/pro\20230404_C4GpNzUgIUO.jpg,0,1,0,instagram,0
instagram_20230404_C4GsRzWJYHg,D:/crawl/gpt_anti-or-pro/pro\20230404_C4GsRzWJYHg.jpg,0,0,0,instagram,0
instagram_20230404_C4JAICIgeMw,D:/crawl/gpt_anti-or-pro/pro\20230404_C4JAICIgeMw.jpg,0,0,0,instagram,0
instagram_20230404_C4JQLpLPdH5,D:/crawl/gpt_anti-or-pro/pro\20230404_C4JQLpLPdH5.jpg,0,0,0,instagram,0
instagram_20230404_C4LjQWBA_dj,D:/crawl/gpt_anti-or-pro/pro\20230404_C4LjQWBA_dj.jpg,0,0,0,instagram,0
instagram_20230404_C4PY40RrfT6,D:/crawl/gpt_anti-or-pro/pro\20230404_C4PY40RrfT6.jpg,0,0,0,instagram,0
instagram_20230404_C4TbvQgv8D_,D:/crawl/gpt_anti-or-pro/pro\20230404_C4TbvQgv8D_.jpg,0,0,0,instagram,0
instagram_20230404_C4WYcMxMu_f,D:/crawl/gpt_anti-or-pro/pro\20230404_C4WYcMxMu_f.jpg,0,0,0,instagram,0
instagram_20230404_C4YKtsZxmuU,D:/crawl/gpt_anti-or-pro/pro\20230404_C4YKtsZxmuU.jpg,0,1,0,instagram,0
instagram_20230404_C4YfCOnOoyx,D:/crawl/gpt_anti-or-pro/pro\20230404_C4YfCOnOoyx.jpg,0,0,0,instagram,0
instagram_20230404_C4ZEKmzLeQ8,D:/crawl/gpt_anti-or-pro/pro\20230404_C4ZEKmzLeQ8.jpg,1,1,0,instagram,1
instagram_20230404_C4_27jZJx4m,D:/crawl/gpt_anti-or-pro/pro\20230404_C4_27jZJx4m.jpg,0,0,0,instagram,0
instagram_20230404_C4a6cLSAYLL,D:/crawl/gpt_anti-or-pro/pro\20230404_C4a6cLSAYLL.jpg,1,0,0,instagram,1
instagram_20230404_C4bHUs_A26x,D:/crawl/gpt_anti-or-pro/pro\20230404_C4bHUs_A26x.jpg,0,0,0,instagram,0
instagram_20230404_C4fu9vdg_Jg,D:/crawl/gpt_anti-or-pro/pro\20230404_C4fu9vdg_Jg.jpg,0,0,0,instagram,0
instagram_20230404_C4qfGnJLa9X,D:/crawl/gpt_anti-or-pro/pro\20230404_C4qfGnJLa9X.jpg,0,0,0,instagram,0
instagram_20230404_C4sXAtBtvo7,D:/crawl/gpt_anti-or-pro/pro\20230404_C4sXAtBtvo7.jpg,0,0,0,instagram,0
instagram_20230404_C5BIMEtg72E,D:/crawl/gpt_anti-or-pro/pro\20230404_C5BIMEtg72E.jpg,0,0,0,instagram,0
instagram_20230404_C5BRdFLrypM,D:/crawl/gpt_anti-or-pro/pro\20230404_C5BRdFLrypM.jpg,1,0,0,instagram,1
instagram_20230404_C5Buc9CPkHM,D:/crawl/gpt_anti-or-pro/pro\20230404_C5Buc9CPkHM.jpg,0,0,0,instagram,0
instagram_20230404_C5JH5v7OdA6,D:/crawl/gpt_anti-or-pro/pro\20230404_C5JH5v7OdA6.jpg,1,1,0,instagram,1
instagram_20230404_C5OZP2xgjZa,D:/crawl/gpt_anti-or-pro/pro\20230404_C5OZP2xgjZa.jpg,0,0,0,instagram,0
instagram_20230404_C5Q-yhkghAH,D:/crawl/gpt_anti-or-pro/pro\20230404_C5Q-yhkghAH.jpg,0,0,0,instagram,0
instagram_20230404_C5TNsDdCXEG,D:/crawl/gpt_anti-or-pro/pro\20230404_C5TNsDdCXEG.jpg,0,0,0,instagram,0
instagram_20230404_C5TgNATKdfs,D:/crawl/gpt_anti-or-pro/pro\20230404_C5TgNATKdfs.jpg,1,1,0,instagram,1
instagram_20230404_CqwDsD2LYnc,D:/crawl/gpt_anti-or-pro/pro\20230404_CqwDsD2LYnc.jpg,0,0,0,instagram,0
instagram_20230404_CrCOZt9x9Oo,D:/crawl/gpt_anti-or-pro/pro\20230404_CrCOZt9x9Oo.jpg,0,0,0,instagram,0
instagram_20230404_Cr_8gmSv1IR,D:/crawl/gpt_anti-or-pro/pro\20230404_Cr_8gmSv1IR.jpg,1,1,0,instagram,1
instagram_20230404_CrwEpF0uybv,D:/crawl/gpt_anti-or-pro/pro\20230404_CrwEpF0uybv.jpg,0,0,0,instagram,0
instagram_20230404_CsbYZQzBnXu,D:/crawl/gpt_anti-or-pro/pro\20230404_CsbYZQzBnXu.jpg,0,0,0,instagram,0
instagram_20230404_CsmHd2nLLgI,D:/crawl/gpt_anti-or-pro/pro\20230404_CsmHd2nLLgI.jpg,1,0,0,instagram,1
instagram_20230404_CtKD2IWxe-a,D:/crawl/gpt_anti-or-pro/pro\20230404_CtKD2IWxe-a.jpg,0,0,0,instagram,0
instagram_20230404_CtrRr1eoaXa,D:/crawl/gpt_anti-or-pro/pro\20230404_CtrRr1eoaXa.jpg,0,1,0,instagram,0
instagram_20230404_CuEIJmpN7RK,D:/crawl/gpt_anti-or-pro/pro\20230404_CuEIJmpN7RK.jpg,0,0,0,instagram,0
instagram_20230404_Cucx29gOLte,D:/crawl/gpt_anti-or-pro/pro\20230404_Cucx29gOLte.jpg,1,1,0,instagram,1
instagram_20230404_CupIjDatimu,D:/crawl/gpt_anti-or-pro/pro\20230404_CupIjDatimu.jpg,1,1,0,instagram,1
instagram_20230404_CwBu5EasaF6,D:/crawl/gpt_anti-or-pro/pro\20230404_CwBu5EasaF6.jpg,0,0,0,instagram,0
instagram_20230404_CwDvN6bA7Da,D:/crawl/gpt_anti-or-pro/pro\20230404_CwDvN6bA7Da.jpg,0,0,0,instagram,0
instagram_20230404_Cy-ZAmTrhRj,D:/crawl/gpt_anti-or-pro/pro\20230404_Cy-ZAmTrhRj.jpg,0,0,0,instagram,0
instagram_20230404_CyRlZMDyTR5,D:/crawl/gpt_anti-or-pro/pro\20230404_CyRlZMDyTR5.jpg,0,0,0,instagram,0
instagram_20230404_CyYH0LRO4wS,D:/crawl/gpt_anti-or-pro/pro\20230404_CyYH0LRO4wS.jpg,0,0,0,instagram,0
instagram_20230404_Czog-vhx68H,D:/crawl/gpt_anti-or-pro/pro\20230404_Czog-vhx68H.jpg,0,1,0,instagram,0
facebook_20210101_10157627068101577,D:/crawl/gpt_anti-or-pro/pro\facebook_20210101_10157627068101577.jpg,0,0,0,facebook,0
facebook_20210404_10166046964750508,D:/crawl/gpt_anti-or-pro/pro\facebook_20210404_10166046964750508.jpg,0,0,0,facebook,0
facebook_20210404_3027551950797882,D:/crawl/gpt_anti-or-pro/pro\facebook_20210404_3027551950797882.jpg,0,0,0,facebook,0
facebook_20220404_1146255562585823,D:/crawl/gpt_anti-or-pro/pro\facebook_20220404_1146255562585823.jpg,0,0,0,facebook,0
facebook_20220404_415649313899336,D:/crawl/gpt_anti-or-pro/pro\facebook_20220404_415649313899336.jpg,1,0,0,facebook,1
facebook_20220404_605544571143334,D:/crawl/gpt_anti-or-pro/pro\facebook_20220404_605544571143334.jpg,0,0,0,facebook,0
facebook_20230404_1045584743152413,D:/crawl/gpt_anti-or-pro/pro\facebook_20230404_1045584743152413.jpg,0,0,0,facebook,0
facebook_20230404_1261780088096994,D:/crawl/gpt_anti-or-pro/pro\facebook_20230404_1261780088096994.jpg,0,0,0,facebook,0
facebook_20230404_1330743137732993,D:/crawl/gpt_anti-or-pro/pro\facebook_20230404_1330743137732993.jpg,1,0,0,facebook,1
facebook_20230404_273795805400125,D:/crawl/gpt_anti-or-pro/pro\facebook_20230404_273795805400125.jpg,0,1,0,facebook,0
facebook_20230404_439088471997461,D:/crawl/gpt_anti-or-pro/pro\facebook_20230404_439088471997461.jpg,1,0,0,facebook,1
facebook_20230404_440866485150757,D:/crawl/gpt_anti-or-pro/pro\facebook_20230404_440866485150757.jpg,1,0,0,facebook,1
facebook_20230404_443943667959614,D:/crawl/gpt_anti-or-pro/pro\facebook_20230404_443943667959614.jpg,0,0,0,facebook,0
facebook_20230404_6014406098635287,D:/crawl/gpt_anti-or-pro/pro\facebook_20230404_6014406098635287.jpg,1,1,0,facebook,1
facebook_20230404_602650772077543,D:/crawl/gpt_anti-or-pro/pro\facebook_20230404_602650772077543.jpg,0,0,0,facebook,0
facebook_20230404_641175541370545,D:/crawl/gpt_anti-or-pro/pro\facebook_20230404_641175541370545.jpg,0,0,0,facebook,0
facebook_20230404_662324952596226,D:/crawl/gpt_anti-or-pro/pro\facebook_20230404_662324952596226.jpg,0,0,0,facebook,0
facebook_20230404_711679460999212,D:/crawl/gpt_anti-or-pro/pro\facebook_20230404_711679460999212.jpg,0,0,0,facebook,0
facebook_20230404_719592303530593,D:/crawl/gpt_anti-or-pro/pro\facebook_20230404_719592303530593.jpg,1,0,0,facebook,1
facebook_20230404_721250170205422,D:/crawl/gpt_anti-or-pro/pro\facebook_20230404_721250170205422.jpg,0,1,0,facebook,0
facebook_20230404_732410298921024,D:/crawl/gpt_anti-or-pro/pro\facebook_20230404_732410298921024.jpg,1,0,0,facebook,3
facebook_20230404_733003288861725,D:/crawl/gpt_anti-or-pro/pro\facebook_20230404_733003288861725.jpg,0,0,0,facebook,0
facebook_20230404_733819275446793,D:/crawl/gpt_anti-or-pro/pro\facebook_20230404_733819275446793.jpg,0,0,0,facebook,0
facebook_20230404_737812628560916,D:/crawl/gpt_anti-or-pro/pro\facebook_20230404_737812628560916.jpg,1,0,0,facebook,1
facebook_20230404_740807154748005,D:/crawl/gpt_anti-or-pro/pro\facebook_20230404_740807154748005.jpg,0,0,0,facebook,0
facebook_20230404_741494304679290,D:/crawl/gpt_anti-or-pro/pro\facebook_20230404_741494304679290.jpg,0,0,0,facebook,0
facebook_20230404_741937324634988,D:/crawl/gpt_anti-or-pro/pro\facebook_20230404_741937324634988.jpg,0,0,0,facebook,0
facebook_20230404_742668104561910,D:/crawl/gpt_anti-or-pro/pro\facebook_20230404_742668104561910.jpg,0,0,0,facebook,0
facebook_20230404_743051751189081,D:/crawl/gpt_anti-or-pro/pro\facebook_20230404_743051751189081.jpg,0,0,0,facebook,0
facebook_20230404_743309661164421,D:/crawl/gpt_anti-or-pro/pro\facebook_20230404_743309661164421.jpg,0,0,0,facebook,0
facebook_20230404_743670004461720,D:/crawl/gpt_anti-or-pro/pro\facebook_20230404_743670004461720.jpg,1,0,0,facebook,1
facebook_20230404_744841111011276,D:/crawl/gpt_anti-or-pro/pro\facebook_20230404_744841111011276.jpg,0,0,0,facebook,0
facebook_20230404_745004784328242,D:/crawl/gpt_anti-or-pro/pro\facebook_20230404_745004784328242.jpg,0,0,0,facebook,0
facebook_20230404_745461747615879,D:/crawl/gpt_anti-or-pro/pro\facebook_20230404_745461747615879.jpg,0,1,0,facebook,0
facebook_20230404_749151963913524,D:/crawl/gpt_anti-or-pro/pro\facebook_20230404_749151963913524.jpg,1,1,0,facebook,1
facebook_20230404_749752073853513,D:/crawl/gpt_anti-or-pro/pro\facebook_20230404_749752073853513.jpg,0,0,0,facebook,0
facebook_20230404_752925966869457,D:/crawl/gpt_anti-or-pro/pro\facebook_20230404_752925966869457.jpg,0,0,0,facebook,0
facebook_20230404_753543330136116,D:/crawl/gpt_anti-or-pro/pro\facebook_20230404_753543330136116.jpg,1,0,0,facebook,1
facebook_20230404_753675890127798,D:/crawl/gpt_anti-or-pro/pro\facebook_20230404_753675890127798.jpg,0,0,0,facebook,0
facebook_20230404_754134343415286,D:/crawl/gpt_anti-or-pro/pro\facebook_20230404_754134343415286.jpg,0,0,0,facebook,0
facebook_20230404_754632983365422,D:/crawl/gpt_anti-or-pro/pro\facebook_20230404_754632983365422.jpg,0,0,0,facebook,0
facebook_20230404_758185153013217,D:/crawl/gpt_anti-or-pro/pro\facebook_20230404_758185153013217.jpg,1,1,0,facebook,1
facebook_20230404_758508159644571,D:/crawl/gpt_anti-or-pro/pro\facebook_20230404_758508159644571.jpg,0,0,0,facebook,0
facebook_20230404_759583159537071,D:/crawl/gpt_anti-or-pro/pro\facebook_20230404_759583159537071.jpg,0,0,0,facebook,0
facebook_20230404_760299932798727,D:/crawl/gpt_anti-or-pro/pro\facebook_20230404_760299932798727.jpg,0,0,0,facebook,0
facebook_20230404_761617779333609,D:/crawl/gpt_anti-or-pro/pro\facebook_20230404_761617779333609.jpg,0,0,0,facebook,0
facebook_20230404_762170975944956,D:/crawl/gpt_anti-or-pro/pro\facebook_20230404_762170975944956.jpg,0,0,0,facebook,0
facebook_20230404_762696852559035,D:/crawl/gpt_anti-or-pro/pro\facebook_20230404_762696852559035.jpg,0,1,0,facebook,0
facebook_20230404_762800659215321,D:/crawl/gpt_anti-or-pro/pro\facebook_20230404_762800659215321.jpg,0,1,0,facebook,0
facebook_20230404_762993562538279,D:/crawl/gpt_anti-or-pro/pro\facebook_20230404_762993562538279.jpg,0,0,0,facebook,0
facebook_20230404_763595179136889,D:/crawl/gpt_anti-or-pro/pro\facebook_20230404_763595179136889.jpg,0,0,0,facebook,0
facebook_20230404_764690235693030,D:/crawl/gpt_anti-or-pro/pro\facebook_20230404_764690235693030.jpg,0,0,0,facebook,0
facebook_20230404_765944065567647,D:/crawl/gpt_anti-or-pro/pro\facebook_20230404_765944065567647.jpg,0,0,0,facebook,0
facebook_20230404_767084298786957,D:/crawl/gpt_anti-or-pro/pro\facebook_20230404_767084298786957.jpg,0,0,0,facebook,0
facebook_20230404_767662742065458,D:/crawl/gpt_anti-or-pro/pro\facebook_20230404_767662742065458.jpg,1,1,0,facebook,1
facebook_20230404_768320385330015,D:/crawl/gpt_anti-or-pro/pro\facebook_20230404_768320385330015.jpg,0,0,0,facebook,0
facebook_20230404_769559608539426,D:/crawl/gpt_anti-or-pro/pro\facebook_20230404_769559608539426.jpg,0,0,0,facebook,0
facebook_20230404_770216161805683,D:/crawl/gpt_anti-or-pro/pro\facebook_20230404_770216161805683.jpg,0,0,0,facebook,0
facebook_20230404_770765131752207,D:/crawl/gpt_anti-or-pro/pro\facebook_20230404_770765131752207.jpg,0,0,0,facebook,0
facebook_20230404_771186538376733,D:/crawl/gpt_anti-or-pro/pro\facebook_20230404_771186538376733.jpg,1,1,0,facebook,1
facebook_20230404_771726924989361,D:/crawl/gpt_anti-or-pro/pro\facebook_20230404_771726924989361.jpg,0,0,0,facebook,0
facebook_20230404_773479808143817,D:/crawl/gpt_anti-or-pro/pro\facebook_20230404_773479808143817.jpg,0,1,0,facebook,0
facebook_20230404_774575431371177,D:/crawl/gpt_anti-or-pro/pro\facebook_20230404_774575431371177.jpg,0,0,0,facebook,0
facebook_20230404_775019047993482,D:/crawl/gpt_anti-or-pro/pro\facebook_20230404_775019047993482.jpg,0,0,0,facebook,0
facebook_20230404_775482687950130,D:/crawl/gpt_anti-or-pro/pro\facebook_20230404_775482687950130.jpg,1,1,0,facebook,1
facebook_20230404_776133514548702,D:/crawl/gpt_anti-or-pro/pro\facebook_20230404_776133514548702.jpg,0,0,0,facebook,0
facebook_20230404_777314541097266,D:/crawl/gpt_anti-or-pro/pro\facebook_20230404_777314541097266.jpg,1,1,0,facebook,1
facebook_20230404_778553450968658,D:/crawl/gpt_anti-or-pro/pro\facebook_20230404_778553450968658.jpg,0,0,0,facebook,0
facebook_20230404_781425457352841,D:/crawl/gpt_anti-or-pro/pro\facebook_20230404_781425457352841.jpg,0,0,0,facebook,0
facebook_20230404_784750647020322,D:/crawl/gpt_anti-or-pro/pro\facebook_20230404_784750647020322.jpg,0,0,0,facebook,0
facebook_20230404_786136103547217,D:/crawl/gpt_anti-or-pro/pro\facebook_20230404_786136103547217.jpg,0,0,0,facebook,0
facebook_20230404_786601536836253,D:/crawl/gpt_anti-or-pro/pro\facebook_20230404_786601536836253.jpg,0,0,0,facebook,0
facebook_20230404_787390770097673,D:/crawl/gpt_anti-or-pro/pro\facebook_20230404_787390770097673.jpg,1,1,0,facebook,1
facebook_20230404_790087543146703,D:/crawl/gpt_anti-or-pro/pro\facebook_20230404_790087543146703.jpg,0,0,0,facebook,0
facebook_20230404_794045232758751,D:/crawl/gpt_anti-or-pro/pro\facebook_20230404_794045232758751.jpg,1,1,0,facebook,3
facebook_20230404_794490272713026,D:/crawl/gpt_anti-or-pro/pro\facebook_20230404_794490272713026.jpg,0,0,0,facebook,0
facebook_20230404_795032209325082,D:/crawl/gpt_anti-or-pro/pro\facebook_20230404_795032209325082.jpg,0,0,0,facebook,0
facebook_20230404_795104129318307,D:/crawl/gpt_anti-or-pro/pro\facebook_20230404_795104129318307.jpg,0,0,0,facebook,0
facebook_20230404_795643882597665,D:/crawl/gpt_anti-or-pro/pro\facebook_20230404_795643882597665.jpg,1,0,0,facebook,1
facebook_20230404_797402899087133,D:/crawl/gpt_anti-or-pro/pro\facebook_20230404_797402899087133.jpg,0,0,0,facebook,0
facebook_20230404_802160465272843,D:/crawl/gpt_anti-or-pro/pro\facebook_20230404_802160465272843.jpg,0,0,0,facebook,0
facebook_20230404_805407714947153,D:/crawl/gpt_anti-or-pro/pro\facebook_20230404_805407714947153.jpg,1,1,0,facebook,1
facebook_20230404_806083581530990,D:/crawl/gpt_anti-or-pro/pro\facebook_20230404_806083581530990.jpg,0,0,0,facebook,0
facebook_20230404_809660027853698,D:/crawl/gpt_anti-or-pro/pro\facebook_20230404_809660027853698.jpg,0,0,0,facebook,0
facebook_20230404_815003623988193,D:/crawl/gpt_anti-or-pro/pro\facebook_20230404_815003623988193.jpg,0,0,0,facebook,0
facebook_20230404_816486217181118,D:/crawl/gpt_anti-or-pro/pro\facebook_20230404_816486217181118.jpg,0,1,0,facebook,0
facebook_20230404_830750698855471,D:/crawl/gpt_anti-or-pro/pro\facebook_20230404_830750698855471.jpg,0,0,0,facebook,0
facebook_20230404_852955083543693,D:/crawl/gpt_anti-or-pro/pro\facebook_20230404_852955083543693.jpg,0,0,0,facebook,0
facebook_20230404_870994415030279,D:/crawl/gpt_anti-or-pro/pro\facebook_20230404_870994415030279.jpg,0,0,0,facebook,0
facebook_20230404_891776659626046,D:/crawl/gpt_anti-or-pro/pro\facebook_20230404_891776659626046.jpg,0,0,0,facebook,0
facebook_20230404_899883505471559,D:/crawl/gpt_anti-or-pro/pro\facebook_20230404_899883505471559.jpg,0,0,0,facebook,0
facebook_20230404_908763627282974,D:/crawl/gpt_anti-or-pro/pro\facebook_20230404_908763627282974.jpg,0,0,0,facebook,0
facebook_20230404_919610596833034,D:/crawl/gpt_anti-or-pro/pro\facebook_20230404_919610596833034.jpg,1,1,0,facebook,1
facebook_20230404_923360279790548,D:/crawl/gpt_anti-or-pro/pro\facebook_20230404_923360279790548.jpg,1,1,0,facebook,1
facebook_20230404_950573373090775,D:/crawl/gpt_anti-or-pro/pro\facebook_20230404_950573373090775.jpg,0,0,0,facebook,0
facebook_20230404_953529299474221,D:/crawl/gpt_anti-or-pro/pro\facebook_20230404_953529299474221.jpg,0,0,0,facebook,0
facebook_20230404_974538437373525,D:/crawl/gpt_anti-or-pro/pro\facebook_20230404_974538437373525.jpg,1,1,0,facebook,1
reddit_antimeme_Abort_1leg1auqun221,D:/crawl/gpt_anti-or-pro/pro\reddit_antimeme_Abort_1leg1auqun221.jpg,0,1,0,reddit,0
reddit_antimeme_Abort_1p2rzm0bju791,D:/crawl/gpt_anti-or-pro/pro\reddit_antimeme_Abort_1p2rzm0bju791.png,0,0,0,reddit,0
reddit_antimeme_Abort_3suige9wb0m71,D:/crawl/gpt_anti-or-pro/pro\reddit_antimeme_Abort_3suige9wb0m71.jpg,0,0,0,reddit,0
reddit_antimeme_Abort_6r4jaq6c04z21,D:/crawl/gpt_anti-or-pro/pro\reddit_antimeme_Abort_6r4jaq6c04z21.jpg,0,1,0,reddit,0
reddit_antimeme_Abort_f9n8wjo0j5z21,D:/crawl/gpt_anti-or-pro/pro\reddit_antimeme_Abort_f9n8wjo0j5z21.png,0,0,0,reddit,0
reddit_antimeme_Abort_hm3hvyzwuvu01,D:/crawl/gpt_anti-or-pro/pro\reddit_antimeme_Abort_hm3hvyzwuvu01.jpg,1,1,0,reddit,1
reddit_antimeme_Abort_imvmzh082m2a1,D:/crawl/gpt_anti-or-pro/pro\reddit_antimeme_Abort_imvmzh082m2a1.jpg,1,1,0,reddit,1
reddit_antimeme_Abort_iw93r67kz1lc1,D:/crawl/gpt_anti-or-pro/pro\reddit_antimeme_Abort_iw93r67kz1lc1.jpeg,0,0,0,reddit,0
reddit_antimeme_Abort_lwekskxwwzt31,D:/crawl/gpt_anti-or-pro/pro\reddit_antimeme_Abort_lwekskxwwzt31.jpg,1,1,0,reddit,3
reddit_antimeme_Abort_mmb4id9liom11,D:/crawl/gpt_anti-or-pro/pro\reddit_antimeme_Abort_mmb4id9liom11.jpg,1,1,0,reddit,1
reddit_antimeme_Abort_mmejzog318l71,D:/crawl/gpt_anti-or-pro/pro\reddit_antimeme_Abort_mmejzog318l71.jpg,1,1,0,reddit,1
reddit_antimeme_Abort_nc3leu3wm7z21,D:/crawl/gpt_anti-or-pro/pro\reddit_antimeme_Abort_nc3leu3wm7z21.jpg,1,1,0,reddit,1
reddit_antimeme_Abort_nu2uovqjrc551,D:/crawl/gpt_anti-or-pro/pro\reddit_antimeme_Abort_nu2uovqjrc551.jpg,0,0,0,reddit,0
reddit_antimeme_Abort_oc28xrk8y9061,D:/crawl/gpt_anti-or-pro/pro\reddit_antimeme_Abort_oc28xrk8y9061.jpg,0,1,0,reddit,0
reddit_antimeme_Abort_ogw4exgu2oyb1,D:/crawl/gpt_anti-or-pro/pro\reddit_antimeme_Abort_ogw4exgu2oyb1.jpg,0,0,0,reddit,0
reddit_antimeme_Abort_p2g5hh27rka21,D:/crawl/gpt_anti-or-pro/pro\reddit_antimeme_Abort_p2g5hh27rka21.png,0,0,0,reddit,0
reddit_antimeme_Abort_qznn1dizagy21,D:/crawl/gpt_anti-or-pro/pro\reddit_antimeme_Abort_qznn1dizagy21.png,1,0,0,reddit,3
reddit_antimeme_Abort_rqs26p59g4l71,D:/crawl/gpt_anti-or-pro/pro\reddit_antimeme_Abort_rqs26p59g4l71.jpg,1,1,0,reddit,1
reddit_antimeme_Abort_tbfel7dhs5691,D:/crawl/gpt_anti-or-pro/pro\reddit_antimeme_Abort_tbfel7dhs5691.png,0,0,0,reddit,0
reddit_antimeme_Abort_v8lujtfjgty21,D:/crawl/gpt_anti-or-pro/pro\reddit_antimeme_Abort_v8lujtfjgty21.jpg,0,1,0,reddit,0
reddit_antimeme_Abort_whzrgoc12ny21,D:/crawl/gpt_anti-or-pro/pro\reddit_antimeme_Abort_whzrgoc12ny21.jpg,1,0,0,reddit,1
reddit_dankmemes_anti-choice_0fy99sjjnd741,D:/crawl/gpt_anti-or-pro/pro\reddit_dankmemes_anti-choice_0fy99sjjnd741.jpg,0,0,0,reddit,0
reddit_dankmemes_post-abortion_cggg2g2aaal41,D:/crawl/gpt_anti-or-pro/pro\reddit_dankmemes_post-abortion_cggg2g2aaal41.jpg,0,0,0,reddit,0
reddit_dankmemes_post-abortion_dpoy8ao7v3a91,D:/crawl/gpt_anti-or-pro/pro\reddit_dankmemes_post-abortion_dpoy8ao7v3a91.jpg,1,0,0,reddit,1
reddit_dankmemes_post-abortion_jaz8hgvhkeg51,D:/crawl/gpt_anti-or-pro/pro\reddit_dankmemes_post-abortion_jaz8hgvhkeg51.jpg,0,0,0,reddit,0
reddit_dankmemes_post-abortion_mprpr9uhf0891,D:/crawl/gpt_anti-or-pro/pro\reddit_dankmemes_post-abortion_mprpr9uhf0891.jpg,0,0,0,reddit,0
reddit_dankmemes_pro abortion_2irnto04e5l71,D:/crawl/gpt_anti-or-pro/pro\reddit_dankmemes_pro abortion_2irnto04e5l71.jpg,0,0,0,reddit,0
reddit_dankmemes_pro abortion_3s3t14fz4oj61,D:/crawl/gpt_anti-or-pro/pro\reddit_dankmemes_pro abortion_3s3t14fz4oj61.jpg,1,1,0,reddit,1
reddit_dankmemes_pro abortion_ln55je2f9yoa1,D:/crawl/gpt_anti-or-pro/pro\reddit_dankmemes_pro abortion_ln55je2f9yoa1.jpg,0,0,0,reddit,0
reddit_dankmemes_pro abortion_ow0okg57vwra1,D:/crawl/gpt_anti-or-pro/pro\reddit_dankmemes_pro abortion_ow0okg57vwra1.png,1,1,0,reddit,1
reddit_dankmemes_pro abortion_pbg8eu7oklx81,D:/crawl/gpt_anti-or-pro/pro\reddit_dankmemes_pro abortion_pbg8eu7oklx81.jpg,0,0,0,reddit,0
reddit_dankmemes_prolife_q6mecwadzgt21,D:/crawl/gpt_anti-or-pro/pro\reddit_dankmemes_prolife_q6mecwadzgt21.png,0,1,0,reddit,0
reddit_dankmemes_right-to-life_o6ojhcuh2r791,D:/crawl/gpt_anti-or-pro/pro\reddit_dankmemes_right-to-life_o6ojhcuh2r791.jpg,0,0,0,reddit,0
reddit_dankmemes_roe v wade_3pc55pfzzk791,D:/crawl/gpt_anti-or-pro/pro\reddit_dankmemes_roe v wade_3pc55pfzzk791.jpg,1,1,0,reddit,1
reddit_dankmemes_roe v wade_ffj2wdc33fa91,D:/crawl/gpt_anti-or-pro/pro\reddit_dankmemes_roe v wade_ffj2wdc33fa91.jpg,1,1,0,reddit,1
reddit_dankmemes_roe v wade_h8o45ku2rvx81,D:/crawl/gpt_anti-or-pro/pro\reddit_dankmemes_roe v wade_h8o45ku2rvx81.png,0,0,0,reddit,0
reddit_dankmemes_roe v wade_jlbj3db01m791,D:/crawl/gpt_anti-or-pro/pro\reddit_dankmemes_roe v wade_jlbj3db01m791.jpg,0,0,0,reddit,0
reddit_dankmemes_roe v wade_kundu3b6wl291,D:/crawl/gpt_anti-or-pro/pro\reddit_dankmemes_roe v wade_kundu3b6wl291.png,0,1,0,reddit,0
reddit_dankmemes_roe v wade_mo4m7c2ual791,D:/crawl/gpt_anti-or-pro/pro\reddit_dankmemes_roe v wade_mo4m7c2ual791.jpg,1,1,0,reddit,1
reddit_dankmemes_roe v wade_t13nolkdoa991,D:/crawl/gpt_anti-or-pro/pro\reddit_dankmemes_roe v wade_t13nolkdoa991.png,0,0,0,reddit,0
reddit_dankmemes_roe v wade_zkzd0vy2ll791,D:/crawl/gpt_anti-or-pro/pro\reddit_dankmemes_roe v wade_zkzd0vy2ll791.jpg,0,0,0,reddit,0
reddit_meme_abortion_05ymen2thm791,D:/crawl/gpt_anti-or-pro/pro\reddit_meme_abortion_05ymen2thm791.jpg,1,0,0,reddit,1
reddit_meme_abortion_1jd1eivbs3891,D:/crawl/gpt_anti-or-pro/pro\reddit_meme_abortion_1jd1eivbs3891.jpg,0,0,0,reddit,0
reddit_meme_abortion_2wl41jnnzlka1,D:/crawl/gpt_anti-or-pro/pro\reddit_meme_abortion_2wl41jnnzlka1.jpg,0,1,0,reddit,0
reddit_meme_abortion_3j84d7dybwrb1,D:/crawl/gpt_anti-or-pro/pro\reddit_meme_abortion_3j84d7dybwrb1.jpg,1,1,0,reddit,3
reddit_meme_abortion_5ltly9sshsd91,D:/crawl/gpt_anti-or-pro/pro\reddit_meme_abortion_5ltly9sshsd91.jpg,0,0,0,reddit,0
reddit_meme_abortion_5w2f7furor791,D:/crawl/gpt_anti-or-pro/pro\reddit_meme_abortion_5w2f7furor791.jpg,0,0,0,reddit,0
reddit_meme_abortion_870vssh0cq251,D:/crawl/gpt_anti-or-pro/pro\reddit_meme_abortion_870vssh0cq251.jpg,1,1,0,reddit,1
reddit_meme_abortion_bngdkytb5k831,D:/crawl/gpt_anti-or-pro/pro\reddit_meme_abortion_bngdkytb5k831.jpg,0,0,0,reddit,0
reddit_meme_abortion_flecsf2cfhx81,D:/crawl/gpt_anti-or-pro/pro\reddit_meme_abortion_flecsf2cfhx81.jpg,0,0,0,reddit,0
reddit_meme_abortion_gzfrt7ck6y431,D:/crawl/gpt_anti-or-pro/pro\reddit_meme_abortion_gzfrt7ck6y431.jpg,0,1,0,reddit,0
reddit_meme_abortion_lwalkm6u4p791,D:/crawl/gpt_anti-or-pro/pro\reddit_meme_abortion_lwalkm6u4p791.jpg,0,0,0,reddit,0
reddit_meme_abortion_qiq7ao3513t91,D:/crawl/gpt_anti-or-pro/pro\reddit_meme_abortion_qiq7ao3513t91.png,0,0,0,reddit,0
reddit_meme_abortion_rioclyu8whc31,D:/crawl/gpt_anti-or-pro/pro\reddit_meme_abortion_rioclyu8whc31.jpg,1,1,0,reddit,1
reddit_meme_abortion_rxt1qgensm791,D:/crawl/gpt_anti-or-pro/pro\reddit_meme_abortion_rxt1qgensm791.jpg,0,0,0,reddit,0
reddit_meme_abortion_uwe99mli78q91,D:/crawl/gpt_anti-or-pro/pro\reddit_meme_abortion_uwe99mli78q91.jpg,0,0,0,reddit,0
reddit_meme_abortion_ux6ggw0zggcc1,D:/crawl/gpt_anti-or-pro/pro\reddit_meme_abortion_ux6ggw0zggcc1.jpeg,0,0,0,reddit,0
reddit_meme_abortion_uy2afegqikf31,D:/crawl/gpt_anti-or-pro/pro\reddit_meme_abortion_uy2afegqikf31.jpg,0,0,0,reddit,0
reddit_meme_abortion_we31kfrgvbx81,D:/crawl/gpt_anti-or-pro/pro\reddit_meme_abortion_we31kfrgvbx81.jpg,1,1,0,reddit,1
reddit_meme_roe v wade_qtq460qzb4891,D:/crawl/gpt_anti-or-pro/pro\reddit_meme_roe v wade_qtq460qzb4891.jpg,0,0,0,reddit,0
reddit_meme_roe v wade_y56whsh8nl791,D:/crawl/gpt_anti-or-pro/pro\reddit_meme_roe v wade_y56whsh8nl791.jpg,0,0,0,reddit,0
reddit_memes_Abort_te5z0vryzwz21,D:/crawl/gpt_anti-or-pro/pro\reddit_memes_Abort_te5z0vryzwz21.jpg,0,1,0,reddit,0
reddit_memes_abortion_0yka75owqwj41,D:/crawl/gpt_anti-or-pro/pro\reddit_memes_abortion_0yka75owqwj41.jpg,0,0,0,reddit,0
reddit_memes_abortion_14fcrrxernx81,D:/crawl/gpt_anti-or-pro/pro\reddit_memes_abortion_14fcrrxernx81.jpg,0,0,0,reddit,0
reddit_memes_abortion_1ee7l5xwa6k21,D:/crawl/gpt_anti-or-pro/pro\reddit_memes_abortion_1ee7l5xwa6k21.jpg,1,1,0,reddit,1
reddit_memes_abortion_2hrhzdn4q9ma1,D:/crawl/gpt_anti-or-pro/pro\reddit_memes_abortion_2hrhzdn4q9ma1.jpg,0,0,0,reddit,0
reddit_memes_abortion_2kxzvb60rev31,D:/crawl/gpt_anti-or-pro/pro\reddit_memes_abortion_2kxzvb60rev31.jpg,0,1,0,reddit,0
reddit_memes_abortion_7re2b8divbx81,D:/crawl/gpt_anti-or-pro/pro\reddit_memes_abortion_7re2b8divbx81.jpg,0,1,0,reddit,0
reddit_memes_abortion_bqr8rgd32dt71,D:/crawl/gpt_anti-or-pro/pro\reddit_memes_abortion_bqr8rgd32dt71.jpg,0,0,0,reddit,0
reddit_memes_abortion_jvotci1r7at31,D:/crawl/gpt_anti-or-pro/pro\reddit_memes_abortion_jvotci1r7at31.png,1,1,0,reddit,1
reddit_memes_abortion_mkh2if9jjtk31,D:/crawl/gpt_anti-or-pro/pro\reddit_memes_abortion_mkh2if9jjtk31.jpg,1,1,0,reddit,1
reddit_memes_abortion_mxbe2yna05l71,D:/crawl/gpt_anti-or-pro/pro\reddit_memes_abortion_mxbe2yna05l71.jpg,1,0,0,reddit,1
reddit_memes_abortion_w62cvmp8d6s51,D:/crawl/gpt_anti-or-pro/pro\reddit_memes_abortion_w62cvmp8d6s51.jpg,0,0,0,reddit,0
reddit_memes_abortion_wty1halnn2b81,D:/crawl/gpt_anti-or-pro/pro\reddit_memes_abortion_wty1halnn2b81.jpg,0,1,0,reddit,0
reddit_memes_abortion_zg2ld87b4pr41,D:/crawl/gpt_anti-or-pro/pro\reddit_memes_abortion_zg2ld87b4pr41.jpg,0,0,0,reddit,0
reddit_memes_post-abortion_91hdptomq9621,D:/crawl/gpt_anti-or-pro/pro\reddit_memes_post-abortion_91hdptomq9621.jpg,1,1,0,reddit,1
reddit_memes_pro abortion_9imnr99izhqy,D:/crawl/gpt_anti-or-pro/pro\reddit_memes_pro abortion_9imnr99izhqy.jpg,1,1,0,reddit,1
reddit_memes_pro abortion_a5agbkn1m91a1,D:/crawl/gpt_anti-or-pro/pro\reddit_memes_pro abortion_a5agbkn1m91a1.jpg,1,0,0,reddit,1
reddit_memes_pro abortion_bx1i09hob9u61,D:/crawl/gpt_anti-or-pro/pro\reddit_memes_pro abortion_bx1i09hob9u61.png,0,0,0,reddit,0
reddit_memes_pro abortion_dfdwmtedhx791,D:/crawl/gpt_anti-or-pro/pro\reddit_memes_pro abortion_dfdwmtedhx791.jpg,0,0,0,reddit,0
reddit_memes_pro abortion_eqty7sxbcjx51,D:/crawl/gpt_anti-or-pro/pro\reddit_memes_pro abortion_eqty7sxbcjx51.jpg,1,0,0,reddit,3
reddit_memes_pro abortion_icu4wx9hqi191,D:/crawl/gpt_anti-or-pro/pro\reddit_memes_pro abortion_icu4wx9hqi191.jpg,0,0,0,reddit,0
reddit_memes_pro abortion_j9ji8knjgcy21,D:/crawl/gpt_anti-or-pro/pro\reddit_memes_pro abortion_j9ji8knjgcy21.jpg,0,0,0,reddit,0
reddit_memes_pro abortion_tk5uotcvitm71,D:/crawl/gpt_anti-or-pro/pro\reddit_memes_pro abortion_tk5uotcvitm71.jpg,0,0,0,reddit,0
reddit_memes_pro abortion_tktyamg3ypx81,D:/crawl/gpt_anti-or-pro/pro\reddit_memes_pro abortion_tktyamg3ypx81.jpg,0,0,0,reddit,0
reddit_memes_pro abortion_zgo5bbyngex81,D:/crawl/gpt_anti-or-pro/pro\reddit_memes_pro abortion_zgo5bbyngex81.png,1,1,0,reddit,1
reddit_memes_right-to-life_9vl4whwchyn91,D:/crawl/gpt_anti-or-pro/pro\reddit_memes_right-to-life_9vl4whwchyn91.jpg,1,1,0,reddit,1
reddit_memes_roe v wade_a8wd9uez4cy91,D:/crawl/gpt_anti-or-pro/pro\reddit_memes_roe v wade_a8wd9uez4cy91.png,0,1,0,reddit,0
reddit_memes_roe v wade_mpindy01i2u91,D:/crawl/gpt_anti-or-pro/pro\reddit_memes_roe v wade_mpindy01i2u91.jpg,1,0,0,reddit,1
reddit_memes_roe v wade_utrehe392yy81,D:/crawl/gpt_anti-or-pro/pro\reddit_memes_roe v wade_utrehe392yy81.jpg,0,1,0,reddit,0
reddit_politicalmemes_abortion_059f8p7ig7sb1,D:/crawl/gpt_anti-or-pro/pro\reddit_politicalmemes_abortion_059f8p7ig7sb1.png,1,0,0,reddit,3
reddit_politicalmemes_abortion_218dbidzljlb1,D:/crawl/gpt_anti-or-pro/pro\reddit_politicalmemes_abortion_218dbidzljlb1.jpg,0,1,0,reddit,0
reddit_politicalmemes_abortion_25w85q1t10ab1,D:/crawl/gpt_anti-or-pro/pro\reddit_politicalmemes_abortion_25w85q1t10ab1.jpg,1,1,0,reddit,3
reddit_politicalmemes_abortion_2p84fnzkuhu81,D:/crawl/gpt_anti-or-pro/pro\reddit_politicalmemes_abortion_2p84fnzkuhu81.png,0,0,0,reddit,0
reddit_politicalmemes_abortion_3yb16wk946nc1,D:/crawl/gpt_anti-or-pro/pro\reddit_politicalmemes_abortion_3yb16wk946nc1.jpeg,1,1,0,reddit,1
reddit_politicalmemes_abortion_4d22uhndh46c1,D:/crawl/gpt_anti-or-pro/pro\reddit_politicalmemes_abortion_4d22uhndh46c1.jpeg,0,0,0,reddit,0
reddit_politicalmemes_abortion_4gq5e4t5vpr91,D:/crawl/gpt_anti-or-pro/pro\reddit_politicalmemes_abortion_4gq5e4t5vpr91.jpg,0,0,0,reddit,0
reddit_politicalmemes_abortion_5dbw2kgznyj91,D:/crawl/gpt_anti-or-pro/pro\reddit_politicalmemes_abortion_5dbw2kgznyj91.png,0,0,0,reddit,0
reddit_politicalmemes_abortion_5l4tqcr5aax81,D:/crawl/gpt_anti-or-pro/pro\reddit_politicalmemes_abortion_5l4tqcr5aax81.jpg,0,1,0,reddit,0
reddit_politicalmemes_abortion_5uyfve9dntwb1,D:/crawl/gpt_anti-or-pro/pro\reddit_politicalmemes_abortion_5uyfve9dntwb1.jpg,1,1,0,reddit,1
reddit_politicalmemes_abortion_748kf36gj7pc1,D:/crawl/gpt_anti-or-pro/pro\reddit_politicalmemes_abortion_748kf36gj7pc1.jpeg,0,0,0,reddit,0
reddit_politicalmemes_abortion_7jabxotpy4291,D:/crawl/gpt_anti-or-pro/pro\reddit_politicalmemes_abortion_7jabxotpy4291.jpg,0,1,0,reddit,0
reddit_politicalmemes_abortion_8jusp32xzdmc1,D:/crawl/gpt_anti-or-pro/pro\reddit_politicalmemes_abortion_8jusp32xzdmc1.jpeg,1,0,0,reddit,1
reddit_politicalmemes_abortion_92sek8medijb1,D:/crawl/gpt_anti-or-pro/pro\reddit_politicalmemes_abortion_92sek8medijb1.jpg,1,1,0,reddit,3
reddit_politicalmemes_abortion_a05erokdtjc91,D:/crawl/gpt_anti-or-pro/pro\reddit_politicalmemes_abortion_a05erokdtjc91.jpg,0,0,0,reddit,0
reddit_politicalmemes_abortion_a54lyiysc2i81,D:/crawl/gpt_anti-or-pro/pro\reddit_politicalmemes_abortion_a54lyiysc2i81.jpg,0,0,0,reddit,0
reddit_politicalmemes_abortion_djotm7c7fxs91,D:/crawl/gpt_anti-or-pro/pro\reddit_politicalmemes_abortion_djotm7c7fxs91.jpg,0,0,0,reddit,0
reddit_politicalmemes_abortion_e3l1txbn3hlb1,D:/crawl/gpt_anti-or-pro/pro\reddit_politicalmemes_abortion_e3l1txbn3hlb1.jpg,1,1,0,reddit,3
reddit_politicalmemes_abortion_eh5eho38f42b1,D:/crawl/gpt_anti-or-pro/pro\reddit_politicalmemes_abortion_eh5eho38f42b1.jpg,1,0,0,reddit,1
reddit_politicalmemes_abortion_emvwetmsjz3a1,D:/crawl/gpt_anti-or-pro/pro\reddit_politicalmemes_abortion_emvwetmsjz3a1.jpg,0,0,0,reddit,0
reddit_politicalmemes_abortion_exn9k2nz7j391,D:/crawl/gpt_anti-or-pro/pro\reddit_politicalmemes_abortion_exn9k2nz7j391.jpg,0,0,0,reddit,0
reddit_politicalmemes_abortion_ezzn15d0tddc1,D:/crawl/gpt_anti-or-pro/pro\reddit_politicalmemes_abortion_ezzn15d0tddc1.jpeg,1,0,0,reddit,1
reddit_politicalmemes_abortion_fgqboi75yceb1,D:/crawl/gpt_anti-or-pro/pro\reddit_politicalmemes_abortion_fgqboi75yceb1.png,1,1,0,reddit,1
reddit_politicalmemes_abortion_fsuagd9dhbl71,D:/crawl/gpt_anti-or-pro/pro\reddit_politicalmemes_abortion_fsuagd9dhbl71.jpg,1,0,0,reddit,1
reddit_politicalmemes_abortion_fzaor48d5x8c1,D:/crawl/gpt_anti-or-pro/pro\reddit_politicalmemes_abortion_fzaor48d5x8c1.jpeg,0,0,0,reddit,0
reddit_politicalmemes_abortion_g039pm8wwdmc1,D:/crawl/gpt_anti-or-pro/pro\reddit_politicalmemes_abortion_g039pm8wwdmc1.jpeg,0,0,0,reddit,0
reddit_politicalmemes_abortion_i28crqps0ea91,D:/crawl/gpt_anti-or-pro/pro\reddit_politicalmemes_abortion_i28crqps0ea91.jpg,1,1,0,reddit,3
reddit_politicalmemes_abortion_i3qz2yz1pkcb1,D:/crawl/gpt_anti-or-pro/pro\reddit_politicalmemes_abortion_i3qz2yz1pkcb1.png,1,0,0,reddit,3
reddit_politicalmemes_abortion_ihac066k0nn91,D:/crawl/gpt_anti-or-pro/pro\reddit_politicalmemes_abortion_ihac066k0nn91.png,1,0,0,reddit,1
reddit_politicalmemes_abortion_j6d6msg14ba91,D:/crawl/gpt_anti-or-pro/pro\reddit_politicalmemes_abortion_j6d6msg14ba91.jpg,0,0,0,reddit,0
reddit_politicalmemes_abortion_jf7i6swsady81,D:/crawl/gpt_anti-or-pro/pro\reddit_politicalmemes_abortion_jf7i6swsady81.jpg,1,1,0,reddit,1
reddit_politicalmemes_abortion_jmx4y0qi13lb1,D:/crawl/gpt_anti-or-pro/pro\reddit_politicalmemes_abortion_jmx4y0qi13lb1.jpg,0,0,0,reddit,0
reddit_politicalmemes_abortion_jw77vvhwxata1,D:/crawl/gpt_anti-or-pro/pro\reddit_politicalmemes_abortion_jw77vvhwxata1.jpg,0,0,0,reddit,0
reddit_politicalmemes_abortion_lfaugohg5z281,D:/crawl/gpt_anti-or-pro/pro\reddit_politicalmemes_abortion_lfaugohg5z281.jpg,1,0,0,reddit,1
reddit_politicalmemes_abortion_lk1o9yg6w5961,D:/crawl/gpt_anti-or-pro/pro\reddit_politicalmemes_abortion_lk1o9yg6w5961.jpg,0,0,0,reddit,0
reddit_politicalmemes_abortion_n965y5ou8m4b1,D:/crawl/gpt_anti-or-pro/pro\reddit_politicalmemes_abortion_n965y5ou8m4b1.png,0,0,0,reddit,0
reddit_politicalmemes_abortion_nysyosefahsb1,D:/crawl/gpt_anti-or-pro/pro\reddit_politicalmemes_abortion_nysyosefahsb1.jpg,1,0,0,reddit,3
reddit_politicalmemes_abortion_pb1v821e1n291,D:/crawl/gpt_anti-or-pro/pro\reddit_politicalmemes_abortion_pb1v821e1n291.jpg,0,1,0,reddit,0
reddit_politicalmemes_abortion_q6gg4nlf3e991,D:/crawl/gpt_anti-or-pro/pro\reddit_politicalmemes_abortion_q6gg4nlf3e991.png,0,0,0,reddit,0
reddit_politicalmemes_abortion_qlds26eqcds91,D:/crawl/gpt_anti-or-pro/pro\reddit_politicalmemes_abortion_qlds26eqcds91.jpg,1,0,0,reddit,1
reddit_politicalmemes_abortion_qyxhb4gn7t191,D:/crawl/gpt_anti-or-pro/pro\reddit_politicalmemes_abortion_qyxhb4gn7t191.jpg,1,1,0,reddit,1
reddit_politicalmemes_abortion_r3dk56kkcorb1,D:/crawl/gpt_anti-or-pro/pro\reddit_politicalmemes_abortion_r3dk56kkcorb1.jpg,0,0,0,reddit,0
reddit_politicalmemes_abortion_sdgyzdg449mb1,D:/crawl/gpt_anti-or-pro/pro\reddit_politicalmemes_abortion_sdgyzdg449mb1.jpg,1,1,0,reddit,1
reddit_politicalmemes_abortion_uzvydkihagx81,D:/crawl/gpt_anti-or-pro/pro\reddit_politicalmemes_abortion_uzvydkihagx81.jpg,0,0,0,reddit,0
reddit_politicalmemes_abortion_vm4nxg5e7q381,D:/crawl/gpt_anti-or-pro/pro\reddit_politicalmemes_abortion_vm4nxg5e7q381.jpg,0,0,0,reddit,0
reddit_politicalmemes_abortion_vvt5s6qpd0y21,D:/crawl/gpt_anti-or-pro/pro\reddit_politicalmemes_abortion_vvt5s6qpd0y21.jpg,0,1,0,reddit,0
reddit_politicalmemes_abortion_w5op7l6zbdkc1,D:/crawl/gpt_anti-or-pro/pro\reddit_politicalmemes_abortion_w5op7l6zbdkc1.jpeg,0,0,0,reddit,0
reddit_politicalmemes_abortion_wd6txc8bdt031,D:/crawl/gpt_anti-or-pro/pro\reddit_politicalmemes_abortion_wd6txc8bdt031.jpg,0,0,0,reddit,0
reddit_politicalmemes_abortion_wh3slo0h7bd61,D:/crawl/gpt_anti-or-pro/pro\reddit_politicalmemes_abortion_wh3slo0h7bd61.jpg,0,1,0,reddit,0
reddit_politicalmemes_abortion_wn91g3j0tylb1,D:/crawl/gpt_anti-or-pro/pro\reddit_politicalmemes_abortion_wn91g3j0tylb1.jpg,0,0,0,reddit,0
reddit_politicalmemes_abortion_z278esfwnpr11,D:/crawl/gpt_anti-or-pro/pro\reddit_politicalmemes_abortion_z278esfwnpr11.jpg,0,0,0,reddit,0
reddit_politicalmemes_anti-choice_edcd3fm6avaa1,D:/crawl/gpt_anti-or-pro/pro\reddit_politicalmemes_anti-choice_edcd3fm6avaa1.png,1,0,0,reddit,1
reddit_politicalmemes_roe v wade_k0dd2cgshafc1,D:/crawl/gpt_anti-or-pro/pro\reddit_politicalmemes_roe v wade_k0dd2cgshafc1.png,0,0,0,reddit,0
reddit_politicalmemes_roe v wade_uqxjg51lujx81,D:/crawl/gpt_anti-or-pro/pro\reddit_politicalmemes_roe v wade_uqxjg51lujx81.png,0,0,0,reddit,0
instagram_20210101_CJuvVFaFayR,D:/crawl/gpt_anti-or-pro/anti\20210101_CJuvVFaFayR.jpg,1,1,1,instagram,1
instagram_20220404_CdGjgPzlIv_,D:/crawl/gpt_anti-or-pro/anti\20220404_CdGjgPzlIv_.jpg,1,1,1,instagram,1
instagram_20220404_CdGybmFPOOt,D:/crawl/gpt_anti-or-pro/anti\20220404_CdGybmFPOOt.jpg,1,0,1,instagram,1
instagram_20220404_CdGzHHmu4vd,D:/crawl/gpt_anti-or-pro/anti\20220404_CdGzHHmu4vd.jpg,0,0,1,instagram,0
instagram_20220404_Ciu9DfDtfG5,D:/crawl/gpt_anti-or-pro/anti\20220404_Ciu9DfDtfG5.jpg,1,1,1,instagram,1
instagram_20220404_CkPL29hLQuJ,D:/crawl/gpt_anti-or-pro/anti\20220404_CkPL29hLQuJ.jpg,1,1,1,instagram,1
instagram_20220404_ClMwGlBsAz3,D:/crawl/gpt_anti-or-pro/anti\20220404_ClMwGlBsAz3.jpg,1,1,1,instagram,1
instagram_20220404_CpjhJQ-MQ5A,D:/crawl/gpt_anti-or-pro/anti\20220404_CpjhJQ-MQ5A.jpg,1,1,1,instagram,1
instagram_20230404_C0nVabWNL0I,D:/crawl/gpt_anti-or-pro/anti\20230404_C0nVabWNL0I.jpg,1,1,1,instagram,1
instagram_20230404_C0ojw0JLCpk,D:/crawl/gpt_anti-or-pro/anti\20230404_C0ojw0JLCpk.jpg,1,0,1,instagram,1
instagram_20230404_C0pyafFIKMT,D:/crawl/gpt_anti-or-pro/anti\20230404_C0pyafFIKMT.jpg,1,1,1,instagram,1
instagram_20230404_C0t-AQ1rol8,D:/crawl/gpt_anti-or-pro/anti\20230404_C0t-AQ1rol8.jpg,1,0,1,instagram,1
instagram_20230404_C117sblLTsl,D:/crawl/gpt_anti-or-pro/anti\20230404_C117sblLTsl.jpg,1,1,1,instagram,1
instagram_20230404_C1dI7fUI8zg,D:/crawl/gpt_anti-or-pro/anti\20230404_C1dI7fUI8zg.jpg,1,1,1,instagram,1
instagram_20230404_C1idKn6oYtY,D:/crawl/gpt_anti-or-pro/anti\20230404_C1idKn6oYtY.jpg,1,1,1,instagram,1
instagram_20230404_C1k-JPbOau9,D:/crawl/gpt_anti-or-pro/anti\20230404_C1k-JPbOau9.jpg,1,1,1,instagram,1
instagram_20230404_C1uaoUpu3yi,D:/crawl/gpt_anti-or-pro/anti\20230404_C1uaoUpu3yi.jpg,1,0,1,instagram,1
instagram_20230404_C1xtJ5ALPlM,D:/crawl/gpt_anti-or-pro/anti\20230404_C1xtJ5ALPlM.jpg,1,1,1,instagram,1
instagram_20230404_C2-E7VkKzAn,D:/crawl/gpt_anti-or-pro/anti\20230404_C2-E7VkKzAn.jpg,1,0,1,instagram,1
instagram_20230404_C2-vSHUutFr,D:/crawl/gpt_anti-or-pro/anti\20230404_C2-vSHUutFr.jpg,1,1,1,instagram,1
instagram_20230404_C22QIvnybG1,D:/crawl/gpt_anti-or-pro/anti\20230404_C22QIvnybG1.jpg,1,1,1,instagram,1
instagram_20230404_C272ChsuXlg,D:/crawl/gpt_anti-or-pro/anti\20230404_C272ChsuXlg.jpg,1,1,1,instagram,1
instagram_20230404_C27Mcx6O_8t,D:/crawl/gpt_anti-or-pro/anti\20230404_C27Mcx6O_8t.jpg,1,1,1,instagram,1
instagram_20230404_C27uWu_uO0-,D:/crawl/gpt_anti-or-pro/anti\20230404_C27uWu_uO0-.jpg,1,1,1,instagram,1
instagram_20230404_C29-5OMr5lY,D:/crawl/gpt_anti-or-pro/anti\20230404_C29-5OMr5lY.jpg,1,1,1,instagram,1
instagram_20230404_C2CLniYLQko,D:/crawl/gpt_anti-or-pro/anti\20230404_C2CLniYLQko.jpg,1,1,1,instagram,1
instagram_20230404_C2IPLDmsZS6,D:/crawl/gpt_anti-or-pro/anti\20230404_C2IPLDmsZS6.jpg,1,1,1,instagram,1
instagram_20230404_C2K3LmXALmE,D:/crawl/gpt_anti-or-pro/anti\20230404_C2K3LmXALmE.jpg,1,0,1,instagram,1
instagram_20230404_C2NiRuchPl3,D:/crawl/gpt_anti-or-pro/anti\20230404_C2NiRuchPl3.jpg,1,1,1,instagram,1
instagram_20230404_C2PjabxL2rA,D:/crawl/gpt_anti-or-pro/anti\20230404_C2PjabxL2rA.jpg,1,1,1,instagram,1
instagram_20230404_C2Savtzsn_9,D:/crawl/gpt_anti-or-pro/anti\20230404_C2Savtzsn_9.jpg,1,1,1,instagram,1
instagram_20230404_C2WHlNhi6lr,D:/crawl/gpt_anti-or-pro/anti\20230404_C2WHlNhi6lr.jpg,1,1,1,instagram,1
instagram_20230404_C2XN3twrD_6,D:/crawl/gpt_anti-or-pro/anti\20230404_C2XN3twrD_6.jpg,1,1,1,instagram,1
instagram_20230404_C2bXHH2socm,D:/crawl/gpt_anti-or-pro/anti\20230404_C2bXHH2socm.jpg,1,1,1,instagram,1
instagram_20230404_C2cpyylLEcL,D:/crawl/gpt_anti-or-pro/anti\20230404_C2cpyylLEcL.jpg,0,0,1,instagram,0
instagram_20230404_C2luhXQNN2N,D:/crawl/gpt_anti-or-pro/anti\20230404_C2luhXQNN2N.jpg,1,1,1,instagram,1
instagram_20230404_C2oFtRQtURb,D:/crawl/gpt_anti-or-pro/anti\20230404_C2oFtRQtURb.jpg,1,1,1,instagram,1
instagram_20230404_C2pgtcRoGBW,D:/crawl/gpt_anti-or-pro/anti\20230404_C2pgtcRoGBW.jpg,1,1,1,instagram,1
instagram_20230404_C2xt4APOLH5,D:/crawl/gpt_anti-or-pro/anti\20230404_C2xt4APOLH5.jpg,1,1,1,instagram,1
instagram_20230404_C38_3JbthVY,D:/crawl/gpt_anti-or-pro/anti\20230404_C38_3JbthVY.jpg,1,1,1,instagram,1
instagram_20230404_C39E89ZxDR8,D:/crawl/gpt_anti-or-pro/anti\20230404_C39E89ZxDR8.jpg,1,1,1,instagram,1
instagram_20230404_C3MvVZdu6xx,D:/crawl/gpt_anti-or-pro/anti\20230404_C3MvVZdu6xx.jpg,1,1,1,instagram,1
instagram_20230404_C3NgqQRuApr,D:/crawl/gpt_anti-or-pro/anti\20230404_C3NgqQRuApr.jpg,1,1,1,instagram,1
instagram_20230404_C3OrGQ-tZyf,D:/crawl/gpt_anti-or-pro/anti\20230404_C3OrGQ-tZyf.jpg,1,1,1,instagram,1
instagram_20230404_C3TnnehrVk5,D:/crawl/gpt_anti-or-pro/anti\20230404_C3TnnehrVk5.jpg,1,1,1,instagram,1
instagram_20230404_C3i4xC2u5DW,D:/crawl/gpt_anti-or-pro/anti\20230404_C3i4xC2u5DW.jpg,1,1,1,instagram,1
instagram_20230404_C3iJviKtXyq,D:/crawl/gpt_anti-or-pro/anti\20230404_C3iJviKtXyq.jpg,1,1,1,instagram,1
instagram_20230404_C4-f4ECuc5v,D:/crawl/gpt_anti-or-pro/anti\20230404_C4-f4ECuc5v.jpg,1,1,1,instagram,1
instagram_20230404_C4C4iu3uBRL,D:/crawl/gpt_anti-or-pro/anti\20230404_C4C4iu3uBRL.jpg,1,1,1,instagram,1
instagram_20230404_C4Dk8xxoftY,D:/crawl/gpt_anti-or-pro/anti\20230404_C4Dk8xxoftY.jpg,1,1,1,instagram,1
instagram_20230404_C4TKlnCoiw,D:/crawl/gpt_anti-or-pro/anti\20230404_C4TKlnCoiw.jpg,1,1,1,instagram,1
instagram_20230404_C4WjSEaug3r,D:/crawl/gpt_anti-or-pro/anti\20230404_C4WjSEaug3r.jpg,1,1,1,instagram,1
instagram_20230404_C4XT8hRuQji,D:/crawl/gpt_anti-or-pro/anti\20230404_C4XT8hRuQji.jpg,1,1,1,instagram,1
instagram_20230404_C4XypgduAAt,D:/crawl/gpt_anti-or-pro/anti\20230404_C4XypgduAAt.jpg,1,1,1,instagram,1
instagram_20230404_C4ZRrcnMHT9,D:/crawl/gpt_anti-or-pro/anti\20230404_C4ZRrcnMHT9.jpg,1,1,1,instagram,1
instagram_20230404_C4eI_AFP4W9,D:/crawl/gpt_anti-or-pro/anti\20230404_C4eI_AFP4W9.jpg,1,1,1,instagram,1
instagram_20230404_C4yF3fXLmFH,D:/crawl/gpt_anti-or-pro/anti\20230404_C4yF3fXLmFH.jpg,1,1,1,instagram,1
instagram_20230404_C4yxLcUvpCQ,D:/crawl/gpt_anti-or-pro/anti\20230404_C4yxLcUvpCQ.jpg,1,1,1,instagram,1
instagram_20230404_C4zHdwKLQvq,D:/crawl/gpt_anti-or-pro/anti\20230404_C4zHdwKLQvq.jpg,1,1,1,instagram,1
instagram_20230404_C5GfhC2Ly5w,D:/crawl/gpt_anti-or-pro/anti\20230404_C5GfhC2Ly5w.jpg,1,1,1,instagram,1
instagram_20230404_C5Q_m21J2Rj,D:/crawl/gpt_anti-or-pro/anti\20230404_C5Q_m21J2Rj.jpg,1,0,1,instagram,1
instagram_20230404_Csov6Qcs-wn,D:/crawl/gpt_anti-or-pro/anti\20230404_Csov6Qcs-wn.jpg,1,1,1,instagram,1
instagram_20230404_CtCRangumYK,D:/crawl/gpt_anti-or-pro/anti\20230404_CtCRangumYK.jpg,1,1,1,instagram,1
instagram_20230404_CtIYHKrLZqW,D:/crawl/gpt_anti-or-pro/anti\20230404_CtIYHKrLZqW.jpg,1,0,1,instagram,1
instagram_20230404_CtMN5EhtEce,D:/crawl/gpt_anti-or-pro/anti\20230404_CtMN5EhtEce.jpg,1,1,1,instagram,1
instagram_20230404_CuHgaTytkQW,D:/crawl/gpt_anti-or-pro/anti\20230404_CuHgaTytkQW.jpg,0,0,1,instagram,0
instagram_20230404_CuuyXacRTZB,D:/crawl/gpt_anti-or-pro/anti\20230404_CuuyXacRTZB.jpg,1,1,1,instagram,1
instagram_20230404_CwC3VtToXQk,D:/crawl/gpt_anti-or-pro/anti\20230404_CwC3VtToXQk.jpg,1,1,1,instagram,1
instagram_20230404_CxDX1bmIiB0,D:/crawl/gpt_anti-or-pro/anti\20230404_CxDX1bmIiB0.jpg,0,0,1,instagram,0
facebook_20210101_1749705541857295,D:/crawl/gpt_anti-or-pro/anti\facebook_20210101_1749705541857295.jpg,1,1,1,facebook,1
facebook_20210404_1123736208401492,D:/crawl/gpt_anti-or-pro/anti\facebook_20210404_1123736208401492.jpg,1,1,1,facebook,1
facebook_20210404_133630982325765,D:/crawl/gpt_anti-or-pro/anti\facebook_20210404_133630982325765.jpg,0,0,1,facebook,0
facebook_20210404_2111973922274125,D:/crawl/gpt_anti-or-pro/anti\facebook_20210404_2111973922274125.jpg,1,1,1,facebook,1
facebook_20210404_4669980156347527,D:/crawl/gpt_anti-or-pro/anti\facebook_20210404_4669980156347527.jpg,1,1,1,facebook,1
facebook_20210404_480961510366033,D:/crawl/gpt_anti-or-pro/anti\facebook_20210404_480961510366033.jpg,1,1,1,facebook,1
facebook_20220404_10160120525229846,D:/crawl/gpt_anti-or-pro/anti\facebook_20220404_10160120525229846.jpg,1,1,1,facebook,1
facebook_20220404_426285816359207,D:/crawl/gpt_anti-or-pro/anti\facebook_20220404_426285816359207.jpg,1,0,1,facebook,1
facebook_20220404_553299760160810,D:/crawl/gpt_anti-or-pro/anti\facebook_20220404_553299760160810.jpg,1,1,1,facebook,1
facebook_20220404_563851335181776,D:/crawl/gpt_anti-or-pro/anti\facebook_20220404_563851335181776.jpg,1,1,1,facebook,1
facebook_20220404_588660336622759,D:/crawl/gpt_anti-or-pro/anti\facebook_20220404_588660336622759.jpg,0,0,1,facebook,0
facebook_20220404_6437087736322910,D:/crawl/gpt_anti-or-pro/anti\facebook_20220404_6437087736322910.jpg,1,1,1,facebook,1
facebook_20230404_1163280528279997,D:/crawl/gpt_anti-or-pro/anti\facebook_20230404_1163280528279997.jpg,1,0,1,facebook,1
facebook_20230404_1167858317942682,D:/crawl/gpt_anti-or-pro/anti\facebook_20230404_1167858317942682.jpg,0,1,1,facebook,0
facebook_20230404_230577926388791,D:/crawl/gpt_anti-or-pro/anti\facebook_20230404_230577926388791.jpg,0,0,1,facebook,3
facebook_20230404_384797970602188,D:/crawl/gpt_anti-or-pro/anti\facebook_20230404_384797970602188.jpg,1,1,1,facebook,1
facebook_20230404_405362838785078,D:/crawl/gpt_anti-or-pro/anti\facebook_20230404_405362838785078.jpg,1,1,1,facebook,1
facebook_20230404_436988285520142,D:/crawl/gpt_anti-or-pro/anti\facebook_20230404_436988285520142.jpg,1,1,1,facebook,1
facebook_20230404_690207693290688,D:/crawl/gpt_anti-or-pro/anti\facebook_20230404_690207693290688.jpg,1,1,1,facebook,1
facebook_20230404_691993466458510,D:/crawl/gpt_anti-or-pro/anti\facebook_20230404_691993466458510.jpg,1,1,1,facebook,1
facebook_20230404_694423666193930,D:/crawl/gpt_anti-or-pro/anti\facebook_20230404_694423666193930.jpg,1,1,1,facebook,1
facebook_20230404_699930918987531,D:/crawl/gpt_anti-or-pro/anti\facebook_20230404_699930918987531.jpg,1,1,1,facebook,1
facebook_20230404_719360427014208,D:/crawl/gpt_anti-or-pro/anti\facebook_20230404_719360427014208.jpg,1,0,1,facebook,1
facebook_20230404_728549556129511,D:/crawl/gpt_anti-or-pro/anti\facebook_20230404_728549556129511.jpg,1,1,1,facebook,1
facebook_20230404_732091575672721,D:/crawl/gpt_anti-or-pro/anti\facebook_20230404_732091575672721.jpg,1,1,1,facebook,1
facebook_20230404_736607985236291,D:/crawl/gpt_anti-or-pro/anti\facebook_20230404_736607985236291.jpg,1,1,1,facebook,1
facebook_20230404_741524577992333,D:/crawl/gpt_anti-or-pro/anti\facebook_20230404_741524577992333.jpg,1,1,1,facebook,1
facebook_20230404_744258037838305,D:/crawl/gpt_anti-or-pro/anti\facebook_20230404_744258037838305.jpg,1,0,1,facebook,1
facebook_20230404_747477364200704,D:/crawl/gpt_anti-or-pro/anti\facebook_20230404_747477364200704.jpg,1,1,1,facebook,1
facebook_20230404_748151610682215,D:/crawl/gpt_anti-or-pro/anti\facebook_20230404_748151610682215.jpg,1,1,1,facebook,1
facebook_20230404_750745083757224,D:/crawl/gpt_anti-or-pro/anti\facebook_20230404_750745083757224.jpg,1,1,1,facebook,1
facebook_20230404_756588869932497,D:/crawl/gpt_anti-or-pro/anti\facebook_20230404_756588869932497.jpg,1,1,1,facebook,1
facebook_20230404_759332086231857,D:/crawl/gpt_anti-or-pro/anti\facebook_20230404_759332086231857.jpg,1,1,1,facebook,1
facebook_20230404_760380836126982,D:/crawl/gpt_anti-or-pro/anti\facebook_20230404_760380836126982.jpg,1,1,1,facebook,1
facebook_20230404_760670979438319,D:/crawl/gpt_anti-or-pro/anti\facebook_20230404_760670979438319.jpg,1,1,1,facebook,1
facebook_20230404_761141789383599,D:/crawl/gpt_anti-or-pro/anti\facebook_20230404_761141789383599.jpg,1,1,1,facebook,1
facebook_20230404_763397739158625,D:/crawl/gpt_anti-or-pro/anti\facebook_20230404_763397739158625.jpg,1,1,1,facebook,1
facebook_20230404_764116899083697,D:/crawl/gpt_anti-or-pro/anti\facebook_20230404_764116899083697.jpg,0,0,1,facebook,0
facebook_20230404_764376265724020,D:/crawl/gpt_anti-or-pro/anti\facebook_20230404_764376265724020.jpg,1,1,1,facebook,1
facebook_20230404_772305628217973,D:/crawl/gpt_anti-or-pro/anti\facebook_20230404_772305628217973.jpg,1,1,1,facebook,1
facebook_20230404_780081324163971,D:/crawl/gpt_anti-or-pro/anti\facebook_20230404_780081324163971.jpg,1,1,1,facebook,1
facebook_20230404_786129526885446,D:/crawl/gpt_anti-or-pro/anti\facebook_20230404_786129526885446.jpg,1,1,1,facebook,1
facebook_20230404_790064956491903,D:/crawl/gpt_anti-or-pro/anti\facebook_20230404_790064956491903.jpg,1,1,1,facebook,1
facebook_20230404_791153536383045,D:/crawl/gpt_anti-or-pro/anti\facebook_20230404_791153536383045.jpg,1,1,1,facebook,1
facebook_20230404_791893622975703,D:/crawl/gpt_anti-or-pro/anti\facebook_20230404_791893622975703.jpg,1,1,1,facebook,1
facebook_20230404_797706789061620,D:/crawl/gpt_anti-or-pro/anti\facebook_20230404_797706789061620.jpg,1,1,1,facebook,1
facebook_20230404_798999008921109,D:/crawl/gpt_anti-or-pro/anti\facebook_20230404_798999008921109.jpg,1,1,1,facebook,1
facebook_20230404_801790358652696,D:/crawl/gpt_anti-or-pro/anti\facebook_20230404_801790358652696.jpg,1,1,1,facebook,1
facebook_20230404_803824168456333,D:/crawl/gpt_anti-or-pro/anti\facebook_20230404_803824168456333.jpg,1,1,1,facebook,1
facebook_20230404_804299828407867,D:/crawl/gpt_anti-or-pro/anti\facebook_20230404_804299828407867.jpg,1,1,1,facebook,1
facebook_20230404_804490851711769,D:/crawl/gpt_anti-or-pro/anti\facebook_20230404_804490851711769.jpg,1,0,1,facebook,1
facebook_20230404_805215751651353,D:/crawl/gpt_anti-or-pro/anti\facebook_20230404_805215751651353.jpg,1,1,1,facebook,1
facebook_20230404_806589928172739,D:/crawl/gpt_anti-or-pro/anti\facebook_20230404_806589928172739.jpg,1,1,1,facebook,1
facebook_20230404_808946067942579,D:/crawl/gpt_anti-or-pro/anti\facebook_20230404_808946067942579.jpg,1,1,1,facebook,1
facebook_20230404_810365747790307,D:/crawl/gpt_anti-or-pro/anti\facebook_20230404_810365747790307.jpg,1,1,1,facebook,1
facebook_20230404_811888190952786,D:/crawl/gpt_anti-or-pro/anti\facebook_20230404_811888190952786.jpg,1,1,1,facebook,1
facebook_20230404_812316524273238,D:/crawl/gpt_anti-or-pro/anti\facebook_20230404_812316524273238.jpg,1,1,1,facebook,1
facebook_20230404_813281927505193,D:/crawl/gpt_anti-or-pro/anti\facebook_20230404_813281927505193.jpg,1,1,1,facebook,1
facebook_20230404_814236980749468,D:/crawl/gpt_anti-or-pro/anti\facebook_20230404_814236980749468.jpg,1,1,1,facebook,1
facebook_20230404_816112583886409,D:/crawl/gpt_anti-or-pro/anti\facebook_20230404_816112583886409.jpg,1,1,1,facebook,1
facebook_20230404_818372300288363,D:/crawl/gpt_anti-or-pro/anti\facebook_20230404_818372300288363.jpg,1,1,1,facebook,1
facebook_20230404_819614293497497,D:/crawl/gpt_anti-or-pro/anti\facebook_20230404_819614293497497.jpg,1,1,1,facebook,1
facebook_20230404_822565976565625,D:/crawl/gpt_anti-or-pro/anti\facebook_20230404_822565976565625.jpg,0,0,1,facebook,0
facebook_20230404_831809015611358,D:/crawl/gpt_anti-or-pro/anti\facebook_20230404_831809015611358.jpg,1,1,1,facebook,1
facebook_20230404_834550008476140,D:/crawl/gpt_anti-or-pro/anti\facebook_20230404_834550008476140.jpg,1,1,1,facebook,1
facebook_20230404_845616420897284,D:/crawl/gpt_anti-or-pro/anti\facebook_20230404_845616420897284.jpg,1,1,1,facebook,1
facebook_20230404_855104863291777,D:/crawl/gpt_anti-or-pro/anti\facebook_20230404_855104863291777.jpg,1,1,1,facebook,1
facebook_20230404_855403162827187,D:/crawl/gpt_anti-or-pro/anti\facebook_20230404_855403162827187.jpg,0,0,1,facebook,0
facebook_20230404_863836849079369,D:/crawl/gpt_anti-or-pro/anti\facebook_20230404_863836849079369.jpg,0,0,1,facebook,0
facebook_20230404_879664667153316,D:/crawl/gpt_anti-or-pro/anti\facebook_20230404_879664667153316.jpg,1,1,1,facebook,1
facebook_20230404_881620400630710,D:/crawl/gpt_anti-or-pro/anti\facebook_20230404_881620400630710.jpg,1,1,1,facebook,1
facebook_20230404_897630338684220,D:/crawl/gpt_anti-or-pro/anti\facebook_20230404_897630338684220.jpg,1,1,1,facebook,1
facebook_20230404_897830905686458,D:/crawl/gpt_anti-or-pro/anti\facebook_20230404_897830905686458.jpg,0,0,1,facebook,0
facebook_20230404_901336035331082,D:/crawl/gpt_anti-or-pro/anti\facebook_20230404_901336035331082.jpg,1,1,1,facebook,1
facebook_20230404_903554688444371,D:/crawl/gpt_anti-or-pro/anti\facebook_20230404_903554688444371.jpg,1,1,1,facebook,1
facebook_20230404_906415281139059,D:/crawl/gpt_anti-or-pro/anti\facebook_20230404_906415281139059.jpg,1,1,1,facebook,1
facebook_20230404_926239586173927,D:/crawl/gpt_anti-or-pro/anti\facebook_20230404_926239586173927.jpg,1,1,1,facebook,1
facebook_20230404_953965999418539,D:/crawl/gpt_anti-or-pro/anti\facebook_20230404_953965999418539.jpg,1,1,1,facebook,1
reddit_antimeme_Abort_1drmcjw1g5n51,D:/crawl/gpt_anti-or-pro/anti\reddit_antimeme_Abort_1drmcjw1g5n51.png,0,0,1,reddit,3
reddit_antimeme_Abort_1p1pqwowcxi01,D:/crawl/gpt_anti-or-pro/anti\reddit_antimeme_Abort_1p1pqwowcxi01.jpg,1,1,1,reddit,1
reddit_antimeme_Abort_79ugz4y2am461,D:/crawl/gpt_anti-or-pro/anti\reddit_antimeme_Abort_79ugz4y2am461.jpg,1,1,1,reddit,1
reddit_antimeme_Abort_85z26v0eq1jy,D:/crawl/gpt_anti-or-pro/anti\reddit_antimeme_Abort_85z26v0eq1jy.png,1,1,1,reddit,1
reddit_antimeme_Abort_dp1ryfa5e8z81,D:/crawl/gpt_anti-or-pro/anti\reddit_antimeme_Abort_dp1ryfa5e8z81.jpg,1,0,1,reddit,1
reddit_antimeme_Abort_gio0amlv9p831,D:/crawl/gpt_anti-or-pro/anti\reddit_antimeme_Abort_gio0amlv9p831.jpg,1,0,1,reddit,1
reddit_antimeme_Abort_isohcl5d90u61,D:/crawl/gpt_anti-or-pro/anti\reddit_antimeme_Abort_isohcl5d90u61.jpg,1,1,1,reddit,1
reddit_antimeme_Abort_vxmsewgkoa4z,D:/crawl/gpt_anti-or-pro/anti\reddit_antimeme_Abort_vxmsewgkoa4z.jpg,1,1,1,reddit,1
reddit_dankmemes_anti-choice_a635ymanp5651,D:/crawl/gpt_anti-or-pro/anti\reddit_dankmemes_anti-choice_a635ymanp5651.png,1,1,1,reddit,1
reddit_dankmemes_post-abortion_d8ygckh4k3h41,D:/crawl/gpt_anti-or-pro/anti\reddit_dankmemes_post-abortion_d8ygckh4k3h41.jpg,1,1,1,reddit,1
reddit_dankmemes_pro abortion_6f8cipx4jdz81,D:/crawl/gpt_anti-or-pro/anti\reddit_dankmemes_pro abortion_6f8cipx4jdz81.jpg,1,1,1,reddit,1
reddit_dankmemes_pro abortion_p5v2q4g0z69z,D:/crawl/gpt_anti-or-pro/anti\reddit_dankmemes_pro abortion_p5v2q4g0z69z.jpg,1,1,1,reddit,1
reddit_dankmemes_pro abortion_ylkn0a4nn0y81,D:/crawl/gpt_anti-or-pro/anti\reddit_dankmemes_pro abortion_ylkn0a4nn0y81.png,1,1,1,reddit,1
reddit_dankmemes_right-to-life_d7ifytkk96031,D:/crawl/gpt_anti-or-pro/anti\reddit_dankmemes_right-to-life_d7ifytkk96031.jpg,1,1,1,reddit,1
reddit_meme_abortion_0sjxiib6xgj91,D:/crawl/gpt_anti-or-pro/anti\reddit_meme_abortion_0sjxiib6xgj91.png,1,1,1,reddit,1
reddit_meme_abortion_1ic9w8zfj9r71,D:/crawl/gpt_anti-or-pro/anti\reddit_meme_abortion_1ic9w8zfj9r71.png,1,1,1,reddit,1
reddit_meme_abortion_341kcom35bl41,D:/crawl/gpt_anti-or-pro/anti\reddit_meme_abortion_341kcom35bl41.jpg,0,0,1,reddit,0
reddit_meme_abortion_3j397jhqe1891,D:/crawl/gpt_anti-or-pro/anti\reddit_meme_abortion_3j397jhqe1891.jpg,1,1,1,reddit,1
reddit_meme_abortion_76t8psd3xvf61,D:/crawl/gpt_anti-or-pro/anti\reddit_meme_abortion_76t8psd3xvf61.jpg,1,1,1,reddit,1
reddit_meme_abortion_bexzlm23md931,D:/crawl/gpt_anti-or-pro/anti\reddit_meme_abortion_bexzlm23md931.jpg,1,0,1,reddit,1
reddit_meme_abortion_t5aqcs48fw791,D:/crawl/gpt_anti-or-pro/anti\reddit_meme_abortion_t5aqcs48fw791.jpg,1,1,1,reddit,1
reddit_meme_abortion_v564k5pzust41,D:/crawl/gpt_anti-or-pro/anti\reddit_meme_abortion_v564k5pzust41.jpg,0,0,1,reddit,3
reddit_meme_abortion_vajc0fwn3i291,D:/crawl/gpt_anti-or-pro/anti\reddit_meme_abortion_vajc0fwn3i291.jpg,1,1,1,reddit,1
reddit_memes_abortion_0g4rc5qd0r241,D:/crawl/gpt_anti-or-pro/anti\reddit_memes_abortion_0g4rc5qd0r241.jpg,1,1,1,reddit,1
reddit_memes_abortion_2w2ayktlins71,D:/crawl/gpt_anti-or-pro/anti\reddit_memes_abortion_2w2ayktlins71.jpg,1,1,1,reddit,1
reddit_memes_abortion_51dj9yr2ai891,D:/crawl/gpt_anti-or-pro/anti\reddit_memes_abortion_51dj9yr2ai891.jpg,0,0,1,reddit,0
reddit_memes_abortion_dxs46vcsqjy21,D:/crawl/gpt_anti-or-pro/anti\reddit_memes_abortion_dxs46vcsqjy21.jpg,0,0,1,reddit,0
reddit_memes_abortion_o2skyx7arnb51,D:/crawl/gpt_anti-or-pro/anti\reddit_memes_abortion_o2skyx7arnb51.jpg,1,1,1,reddit,1
reddit_memes_abortion_oku5y81y0ep31,D:/crawl/gpt_anti-or-pro/anti\reddit_memes_abortion_oku5y81y0ep31.png,1,1,1,reddit,1
reddit_memes_abortion_webek82dnyz21,D:/crawl/gpt_anti-or-pro/anti\reddit_memes_abortion_webek82dnyz21.jpg,1,1,1,reddit,1
reddit_memes_post-abortion_af8uxvxwyyl31,D:/crawl/gpt_anti-or-pro/anti\reddit_memes_post-abortion_af8uxvxwyyl31.jpg,0,0,1,reddit,0
reddit_memes_pro abortion_2qzx5klti9e91,D:/crawl/gpt_anti-or-pro/anti\reddit_memes_pro abortion_2qzx5klti9e91.jpg,1,1,1,reddit,1
reddit_memes_pro abortion_618387ld2uz21,D:/crawl/gpt_anti-or-pro/anti\reddit_memes_pro abortion_618387ld2uz21.jpg,1,0,1,reddit,1
reddit_memes_pro abortion_dzp469471o791,D:/crawl/gpt_anti-or-pro/anti\reddit_memes_pro abortion_dzp469471o791.jpg,1,1,1,reddit,1
reddit_memes_roe v wade_jjdzm6mmv0091,D:/crawl/gpt_anti-or-pro/anti\reddit_memes_roe v wade_jjdzm6mmv0091.jpg,1,1,1,reddit,1
reddit_memes_roe v wade_k1jb5aae1jx81,D:/crawl/gpt_anti-or-pro/anti\reddit_memes_roe v wade_k1jb5aae1jx81.png,0,0,1,reddit,0
reddit_politicalmemes_abortion_1h3eo8uznl791,D:/crawl/gpt_anti-or-pro/anti\reddit_politicalmemes_abortion_1h3eo8uznl791.jpg,1,0,1,reddit,1
reddit_politicalmemes_abortion_2bubjz5oiil91,D:/crawl/gpt_anti-or-pro/anti\reddit_politicalmemes_abortion_2bubjz5oiil91.jpg,1,0,1,reddit,1
reddit_politicalmemes_abortion_3g458jmee8zb1,D:/crawl/gpt_anti-or-pro/anti\reddit_politicalmemes_abortion_3g458jmee8zb1.jpg,1,1,1,reddit,1
reddit_politicalmemes_abortion_41p40bpghq9a1,D:/crawl/gpt_anti-or-pro/anti\reddit_politicalmemes_abortion_41p40bpghq9a1.jpg,0,0,1,reddit,0
reddit_politicalmemes_abortion_5vznwrx968891,D:/crawl/gpt_anti-or-pro/anti\reddit_politicalmemes_abortion_5vznwrx968891.jpg,1,1,1,reddit,1
reddit_politicalmemes_abortion_7rmnbugqyyx81,D:/crawl/gpt_anti-or-pro/anti\reddit_politicalmemes_abortion_7rmnbugqyyx81.jpg,0,0,1,reddit,3
reddit_politicalmemes_abortion_lu26f45z0vb91,D:/crawl/gpt_anti-or-pro/anti\reddit_politicalmemes_abortion_lu26f45z0vb91.jpg,0,0,1,reddit,0
reddit_politicalmemes_abortion_n51lf4crx4aa1,D:/crawl/gpt_anti-or-pro/anti\reddit_politicalmemes_abortion_n51lf4crx4aa1.jpg,0,0,1,reddit,0
reddit_politicalmemes_abortion_wo1kkdw0mahc1,D:/crawl/gpt_anti-or-pro/anti\reddit_politicalmemes_abortion_wo1kkdw0mahc1.jpeg,0,0,1,reddit,0
reddit_politicalmemes_abortion_yqo2qk3zcnr91,D:/crawl/gpt_anti-or-pro/anti\reddit_politicalmemes_abortion_yqo2qk3zcnr91.jpg,0,0,1,reddit,0
